filename,width,height,class,xmin,ymin,xmax,ymax
Cette_ruche_est_assiegee_par_des_frelons_asiatiques_1280x720_047.jpeg,1280,720,hornet,454,379,614,487
Cette_ruche_est_assiegee_par_des_frelons_asiatiques_1280x720_047.jpeg,1280,720,hornet,341,345,479,521
Abeilles_contre_frelon_asiatique_640x360_022.jpeg,640,360,hornet,405,329,449,360
Abeilles_contre_frelon_asiatique_640x360_022.jpeg,640,360,bee,279,301,296,330
Abeilles_contre_frelon_asiatique_640x360_022.jpeg,640,360,bee,398,285,425,305
Abeilles_contre_frelon_asiatique_640x360_022.jpeg,640,360,bee,316,271,340,292
Abeilles_contre_frelon_asiatique_640x360_022.jpeg,640,360,bee,327,307,348,323
Abeilles_Frelons_asiatiques_devant_des_ruches_1280x720_067.jpeg,1280,720,hornet,517,293,551,332
Cette_ruche_est_assiegee_par_des_frelons_asiatiques_1280x720_034.jpeg,1280,720,hornet,365,324,511,452
Cette_ruche_est_assiegee_par_des_frelons_asiatiques_1280x720_034.jpeg,1280,720,hornet,465,345,604,446
Cette_ruche_est_assiegee_par_des_frelons_asiatiques_1280x720_004.jpeg,1280,720,hornet,580,358,720,538
Cette_ruche_est_assiegee_par_des_frelons_asiatiques_1280x720_012.jpeg,1280,720,hornet,493,392,679,578
Cette_ruche_est_assiegee_par_des_frelons_asiatiques_1280x720_012.jpeg,1280,720,hornet,554,322,677,438
Abeilles_contre_frelon_asiatique_640x360_050.jpeg,640,360,bee,419,239,453,260
Abeilles_contre_frelon_asiatique_640x360_050.jpeg,640,360,bee,383,256,405,275
Abeilles_contre_frelon_asiatique_640x360_050.jpeg,640,360,bee,316,236,340,261
Abeilles_contre_frelon_asiatique_640x360_050.jpeg,640,360,bee,330,204,360,228
Abeilles_contre_frelon_asiatique_640x360_050.jpeg,640,360,bee,358,242,375,264
Abeilles_contre_frelon_asiatique_640x360_050.jpeg,640,360,bee,384,226,428,245
144936139.ksmpL4dd.ApismelliferaetVespavelutina7519a.jpg,800,600,hornet,455,179,593,300
144936139.ksmpL4dd.ApismelliferaetVespavelutina7519a.jpg,800,600,bee,610,383,692,449
144936139.ksmpL4dd.ApismelliferaetVespavelutina7519a.jpg,800,600,bee,532,362,589,430
144936139.ksmpL4dd.ApismelliferaetVespavelutina7519a.jpg,800,600,bee,532,313,591,373
144936139.ksmpL4dd.ApismelliferaetVespavelutina7519a.jpg,800,600,bee,463,349,528,408
144936139.ksmpL4dd.ApismelliferaetVespavelutina7519a.jpg,800,600,bee,421,273,481,340
144936139.ksmpL4dd.ApismelliferaetVespavelutina7519a.jpg,800,600,bee,355,276,426,334
144936139.ksmpL4dd.ApismelliferaetVespavelutina7519a.jpg,800,600,bee,238,297,305,382
144936139.ksmpL4dd.ApismelliferaetVespavelutina7519a.jpg,800,600,bee,90,455,170,522
144936139.ksmpL4dd.ApismelliferaetVespavelutina7519a.jpg,800,600,bee,162,420,219,498
144936139.ksmpL4dd.ApismelliferaetVespavelutina7519a.jpg,800,600,bee,224,417,294,487
144936139.ksmpL4dd.ApismelliferaetVespavelutina7519a.jpg,800,600,bee,374,407,460,472
144936139.ksmpL4dd.ApismelliferaetVespavelutina7519a.jpg,800,600,bee,446,391,514,454
144936139.ksmpL4dd.ApismelliferaetVespavelutina7519a.jpg,800,600,bee,115,316,173,365
144936139.ksmpL4dd.ApismelliferaetVespavelutina7519a.jpg,800,600,bee,20,254,98,317
144936139.ksmpL4dd.ApismelliferaetVespavelutina7519a.jpg,800,600,bee,34,341,105,384
144936139.ksmpL4dd.ApismelliferaetVespavelutina7519a.jpg,800,600,bee,29,389,87,442
144936139.ksmpL4dd.ApismelliferaetVespavelutina7519a.jpg,800,600,bee,323,333,393,381
jodaille_frelon_2017-06-23-121301.jpg,1280,720,bee,919,434,962,467
jodaille_frelon_2017-06-23-121301.jpg,1280,720,hornet,1148,355,1228,410
jodaille_frelon_2017-06-23-121301.jpg,1280,720,bee,767,440,791,479
jodaille_frelon_2017-06-23-121301.jpg,1280,720,bee,860,438,887,460
jodaille_frelon_2017-06-23-121301.jpg,1280,720,bee,810,477,841,511
jodaille_frelon_2017-06-23-121301.jpg,1280,720,bee,833,441,857,468
jodaille_frelon_2017-06-23-121301.jpg,1280,720,bee,705,457,759,506
jodaille_frelon_2017-06-23-121301.jpg,1280,720,bee,655,473,678,491
jodaille_frelon_2017-06-23-121301.jpg,1280,720,bee,777,475,802,498
jodaille_frelon_2017-06-23-121301.jpg,1280,720,bee,487,680,521,706
jodaille_frelon_2017-06-23-121301.jpg,1280,720,bee,650,666,667,699
XVMc7ac558e-daea-11e5-a831-2076b0dce7a2-350x333.jpg,757,720,hornet,95,303,464,635
XVMc7ac558e-daea-11e5-a831-2076b0dce7a2-350x333.jpg,757,720,bee,405,129,617,253
Abeilles_Frelons_asiatiques_devant_des_ruches_1280x720_136.jpeg,1280,720,hornet,450,377,772,591
Abeilles_contre_frelon_asiatique_640x360_017.jpeg,640,360,bee,290,288,320,307
Abeilles_contre_frelon_asiatique_640x360_017.jpeg,640,360,bee,413,265,455,284
Abeilles_contre_frelon_asiatique_640x360_017.jpeg,640,360,bee,359,272,381,302
jodaille_frelon_2017-06-05-140401.jpg,1280,720,bee,418,291,466,324
jodaille_frelon_2017-06-05-140401.jpg,1280,720,hornet,816,439,858,503
jodaille_frelon_2017-06-05-140401.jpg,1280,720,bee,625,496,654,525
jodaille_frelon_2017-06-05-140401.jpg,1280,720,bee,227,385,269,424
jodaille_frelon_2017-06-05-140401.jpg,1280,720,bee,413,476,436,513
Cette_ruche_est_assiegee_par_des_frelons_asiatiques_1280x720_039.jpeg,1280,720,hornet,462,393,615,508
Cette_ruche_est_assiegee_par_des_frelons_asiatiques_1280x720_039.jpeg,1280,720,hornet,305,339,474,497
jodaille_frelon_2017-04-28-184901.jpg,1280,720,bee,566,417,602,454
jodaille_frelon_2017-04-28-184901.jpg,1280,720,bee,450,439,491,462
jodaille_frelon_2017-04-28-184901.jpg,1280,720,hornet,291,455,342,519
jodaille_frelon_2017-04-28-184901.jpg,1280,720,bee,442,493,479,518
jodaille_frelon_2017-04-28-184901.jpg,1280,720,bee,568,518,594,551
jodaille_frelon_2017-04-28-184901.jpg,1280,720,bee,618,479,639,517
jodaille_frelon_2017-04-28-184901.jpg,1280,720,bee,806,385,839,428
jodaille_frelon_2017-04-28-184901.jpg,1280,720,bee,759,441,783,473
jodaille_frelon_2017-04-28-184901.jpg,1280,720,bee,672,492,706,523
jodaille_frelon_2017-04-28-184901.jpg,1280,720,bee,856,496,885,525
jodaille_frelon_2017-04-28-184901.jpg,1280,720,bee,747,502,772,541
Screenshot_2020-02-06_Vespa_velutina.png,1051,701,hornet,147,249,448,652
Screenshot_2020-02-06_Vespa_velutina.png,1051,701,bee,882,184,981,354
Screenshot_2020-02-06_Vespa_velutina.png,1051,701,bee,789,81,897,266
Screenshot_2020-02-06_Vespa_velutina.png,1051,701,bee,566,159,729,305
Screenshot_2020-02-06_Vespa_velutina.png,1051,701,bee,458,165,583,270
Screenshot_2020-02-06_Vespa_velutina.png,1051,701,bee,516,64,668,161
Screenshot_2020-02-06_Vespa_velutina.png,1051,701,bee,722,13,823,116
Screenshot_2020-02-06_Vespa_velutina.png,1051,701,bee,886,14,1016,144
Abeilles_Frelons_asiatiques_devant_des_ruches_1280x720_127.jpeg,1280,720,hornet,433,295,742,533
Cette_ruche_est_assiegee_par_des_frelons_asiatiques_1280x720_008.jpeg,1280,720,hornet,627,284,831,393
Cette_ruche_est_assiegee_par_des_frelons_asiatiques_1280x720_008.jpeg,1280,720,hornet,466,335,654,440
jodaille_frelon_2017-06-05-131201.jpg,1280,720,hornet,729,352,802,402
jodaille_frelon_2017-06-05-131201.jpg,1280,720,bee,559,411,596,454
jodaille_frelon_2017-06-05-131201.jpg,1280,720,bee,854,484,893,524
jodaille_frelon_2017-06-05-131201.jpg,1280,720,bee,757,443,783,471
jodaille_frelon_2017-06-05-131201.jpg,1280,720,bee,843,448,878,474
jodaille_frelon_2017-06-05-131201.jpg,1280,720,bee,689,485,730,524
Abeilles_Frelons_asiatiques_devant_des_ruches_1280x720_147.jpeg,1280,720,hornet,227,253,492,481
Abeilles_contre_frelon_asiatique_640x360_045.jpeg,640,360,bee,395,256,431,279
Abeilles_contre_frelon_asiatique_640x360_045.jpeg,640,360,bee,415,230,444,247
Abeilles_contre_frelon_asiatique_640x360_045.jpeg,640,360,bee,399,214,429,236
Abeilles_contre_frelon_asiatique_640x360_045.jpeg,640,360,bee,310,237,341,258
Abeilles_contre_frelon_asiatique_640x360_045.jpeg,640,360,bee,330,230,365,257
Abeilles_contre_frelon_asiatique_640x360_045.jpeg,640,360,bee,309,214,346,232
Abeilles_contre_frelon_asiatique_640x360_045.jpeg,640,360,bee,371,220,397,242
Abeilles_contre_frelon_asiatique_640x360_045.jpeg,640,360,hornet,523,306,563,344
Vespa_velutina_3.jpg,540,720,hornet,78,327,340,595
Le_frelon_asiatique_Vespa_Velutina_devant_ma_ruche_1280x720_010.jpeg,1280,720,hornet,656,46,789,113
Le_frelon_asiatique_Vespa_Velutina_devant_ma_ruche_1280x720_010.jpeg,1280,720,bee,371,284,408,330
Le_frelon_asiatique_Vespa_Velutina_devant_ma_ruche_1280x720_010.jpeg,1280,720,bee,464,346,510,405
Le_frelon_asiatique_Vespa_Velutina_devant_ma_ruche_1280x720_010.jpeg,1280,720,bee,107,600,154,655
Le_frelon_asiatique_Vespa_Velutina_devant_ma_ruche_1280x720_010.jpeg,1280,720,bee,454,421,504,465
Le_frelon_asiatique_Vespa_Velutina_devant_ma_ruche_1280x720_010.jpeg,1280,720,bee,239,340,276,384
Le_frelon_asiatique_Vespa_Velutina_devant_ma_ruche_1280x720_010.jpeg,1280,720,bee,310,327,359,376
Le_frelon_asiatique_Vespa_Velutina_devant_ma_ruche_1280x720_010.jpeg,1280,720,bee,303,481,351,530
Le_frelon_asiatique_Vespa_Velutina_devant_ma_ruche_1280x720_010.jpeg,1280,720,bee,397,346,443,388
Le_frelon_asiatique_Vespa_Velutina_devant_ma_ruche_1280x720_010.jpeg,1280,720,bee,112,485,169,544
Abeilles_Frelons_asiatiques_devant_des_ruches_1280x720_138.jpeg,1280,720,hornet,409,415,743,626
Abeilles_contre_frelon_asiatique_640x360_064.jpeg,640,360,hornet,376,102,447,139
Abeilles_contre_frelon_asiatique_640x360_064.jpeg,640,360,hornet,255,224,294,242
Abeilles_contre_frelon_asiatique_640x360_064.jpeg,640,360,bee,107,252,122,276
Abeilles_contre_frelon_asiatique_640x360_064.jpeg,640,360,bee,118,231,140,255
Abeilles_contre_frelon_asiatique_640x360_064.jpeg,640,360,bee,196,234,217,254
Abeilles_contre_frelon_asiatique_640x360_064.jpeg,640,360,bee,242,248,263,278
Abeilles_contre_frelon_asiatique_640x360_064.jpeg,640,360,bee,221,234,240,257
Abeilles_contre_frelon_asiatique_640x360_064.jpeg,640,360,bee,201,260,225,283
Abeilles_contre_frelon_asiatique_640x360_064.jpeg,640,360,bee,157,262,187,279
Abeilles_contre_frelon_asiatique_640x360_064.jpeg,640,360,bee,178,236,202,259
Abeilles_contre_frelon_asiatique_640x360_064.jpeg,640,360,bee,132,257,162,275
Abeilles_contre_frelon_asiatique_640x360_039.jpeg,640,360,bee,388,256,428,278
Abeilles_contre_frelon_asiatique_640x360_039.jpeg,640,360,bee,417,227,459,257
Abeilles_contre_frelon_asiatique_640x360_039.jpeg,640,360,bee,345,245,385,267
Abeilles_contre_frelon_asiatique_640x360_039.jpeg,640,360,bee,298,252,333,278
Abeilles_contre_frelon_asiatique_640x360_039.jpeg,640,360,bee,378,231,417,247
Abeilles_Frelons_asiatiques_devant_des_ruches_1280x720_149.jpeg,1280,720,hornet,233,304,475,616
Abeilles_Frelons_asiatiques_devant_des_ruches_1280x720_098.jpeg,1280,720,hornet,508,414,764,565
img_0123.jpg,611,285,bee,370,163,388,181
img_0123.jpg,611,285,bee,297,189,310,205
img_0123.jpg,611,285,bee,183,188,198,207
img_0123.jpg,611,285,bee,368,113,383,130
img_0123.jpg,611,285,bee,310,124,324,137
img_0123.jpg,611,285,bee,157,164,171,178
img_0123.jpg,611,285,bee,208,170,220,189
img_0123.jpg,611,285,bee,230,155,255,174
img_0123.jpg,611,285,bee,262,152,290,171
img_0123.jpg,611,285,bee,309,146,338,158
img_0123.jpg,611,285,bee,345,161,366,191
Cette_ruche_est_assiegee_par_des_frelons_asiatiques_1280x720_041.jpeg,1280,720,hornet,472,375,613,494
Cette_ruche_est_assiegee_par_des_frelons_asiatiques_1280x720_041.jpeg,1280,720,hornet,327,336,488,503
Le_frelon_asiatique_Vespa_Velutina_devant_ma_ruche_1280x720_007.jpeg,1280,720,hornet,790,342,880,430
Le_frelon_asiatique_Vespa_Velutina_devant_ma_ruche_1280x720_007.jpeg,1280,720,bee,327,249,361,291
Le_frelon_asiatique_Vespa_Velutina_devant_ma_ruche_1280x720_007.jpeg,1280,720,bee,438,314,467,360
Le_frelon_asiatique_Vespa_Velutina_devant_ma_ruche_1280x720_007.jpeg,1280,720,bee,349,329,388,362
Le_frelon_asiatique_Vespa_Velutina_devant_ma_ruche_1280x720_007.jpeg,1280,720,bee,424,386,449,421
Le_frelon_asiatique_Vespa_Velutina_devant_ma_ruche_1280x720_007.jpeg,1280,720,bee,200,298,237,337
Le_frelon_asiatique_Vespa_Velutina_devant_ma_ruche_1280x720_007.jpeg,1280,720,bee,221,468,272,518
Le_frelon_asiatique_Vespa_Velutina_devant_ma_ruche_1280x720_007.jpeg,1280,720,bee,338,415,374,449
Le_frelon_asiatique_Vespa_Velutina_devant_ma_ruche_1280x720_007.jpeg,1280,720,bee,59,445,113,492
Le_frelon_asiatique_Vespa_Velutina_devant_ma_ruche_1280x720_007.jpeg,1280,720,bee,124,391,179,430
Le_frelon_asiatique_Vespa_Velutina_devant_ma_ruche_1280x720_007.jpeg,1280,720,bee,304,336,346,361
Abeilles_Frelons_asiatiques_devant_des_ruches_1280x720_040.jpeg,1280,720,hornet,253,390,329,467
Vespa_velutina_0001.jpg,1084,720,hornet,289,100,1084,665
Cette_ruche_est_assiegee_par_des_frelons_asiatiques_1280x720_015.jpeg,1280,720,hornet,515,395,704,563
Cette_ruche_est_assiegee_par_des_frelons_asiatiques_1280x720_015.jpeg,1280,720,hornet,608,370,736,447
Abeilles_Frelons_asiatiques_devant_des_ruches_1280x720_113.jpeg,1280,720,hornet,443,240,767,499
Abeilles_Frelons_asiatiques_devant_des_ruches_1280x720_001.jpeg,1280,720,hornet,486,399,519,428
Cette_ruche_est_assiegee_par_des_frelons_asiatiques_1280x720_005.jpeg,1280,720,hornet,510,277,620,445
jodaille_frelon_2017-05-12-130901.jpg,1280,720,bee,594,443,628,475
jodaille_frelon_2017-05-12-130901.jpg,1280,720,bee,250,438,306,473
jodaille_frelon_2017-05-12-130901.jpg,1280,720,hornet,151,440,206,484
jodaille_frelon_2017-05-12-130901.jpg,1280,720,bee,344,577,420,681
jodaille_frelon_2017-05-12-130901.jpg,1280,720,bee,802,421,834,466
jodaille_frelon_2017-05-12-130901.jpg,1280,720,bee,724,422,760,459
jodaille_frelon_2017-05-12-130901.jpg,1280,720,bee,543,549,580,573
jodaille_frelon_2017-05-12-130901.jpg,1280,720,bee,692,477,732,512
jodaille_frelon_2017-05-12-130901.jpg,1280,720,bee,841,505,879,538
jodaille_frelon_2017-05-12-130901.jpg,1280,720,bee,751,453,789,487
jodaille_frelon_2017-05-12-130901.jpg,1280,720,bee,758,507,780,537
jodaille_frelon_2017-05-12-130901.jpg,1280,720,bee,798,473,827,505
jodaille_frelon_2017-05-12-130901.jpg,1280,720,bee,677,504,699,547
jodaille_frelon_2017-05-12-130901.jpg,1280,720,bee,739,551,772,575
jodaille_frelon_2017-05-12-130901.jpg,1280,720,bee,644,543,686,572
jodaille_frelon_2017-05-12-130901.jpg,1280,720,bee,599,538,618,570
jodaille_frelon_2017-05-12-130901.jpg,1280,720,bee,797,508,823,532
jodaille_frelon_2017-05-12-130901.jpg,1280,720,bee,890,508,923,535
Abeilles_Frelons_asiatiques_devant_des_ruches_1280x720_126.jpeg,1280,720,hornet,306,230,655,467
Abeilles_contre_frelon_asiatique_640x360_055.jpeg,640,360,bee,445,242,476,268
Abeilles_contre_frelon_asiatique_640x360_055.jpeg,640,360,bee,334,238,360,260
Abeilles_contre_frelon_asiatique_640x360_055.jpeg,640,360,bee,301,212,328,236
Abeilles_contre_frelon_asiatique_640x360_055.jpeg,640,360,bee,340,193,366,220
Abeilles_contre_frelon_asiatique_640x360_055.jpeg,640,360,bee,368,241,395,263
Abeilles_contre_frelon_asiatique_640x360_055.jpeg,640,360,bee,403,241,437,263
Abeilles_contre_frelon_asiatique_640x360_055.jpeg,640,360,bee,370,201,397,221
jodaille_frelon_2017-06-23-072802.jpg,1280,720,hornet,1184,466,1237,522
jodaille_frelon_2017-06-23-072802.jpg,1280,720,bee,778,443,811,472
jodaille_frelon_2017-06-23-072802.jpg,1280,720,bee,818,503,853,520
jodaille_frelon_2018-04-23-083401.jpg,1280,720,hornet,678,322,725,375
Cette_ruche_est_assiegee_par_des_frelons_asiatiques_1280x720_038.jpeg,1280,720,hornet,448,371,569,513
Cette_ruche_est_assiegee_par_des_frelons_asiatiques_1280x720_038.jpeg,1280,720,hornet,326,326,461,483
Abeilles_contre_frelon_asiatique_640x360_026.jpeg,640,360,bee,373,249,408,269
Abeilles_contre_frelon_asiatique_640x360_026.jpeg,640,360,bee,425,245,453,264
Abeilles_contre_frelon_asiatique_640x360_026.jpeg,640,360,bee,340,260,374,281
Abeilles_contre_frelon_asiatique_640x360_026.jpeg,640,360,bee,306,267,335,292
jodaille_frelon_2017-06-22-213001.jpg,1280,720,bee,625,466,657,501
jodaille_frelon_2017-06-22-213001.jpg,1280,720,hornet,1042,358,1081,411
jodaille_frelon_2017-06-22-213001.jpg,1280,720,bee,663,443,740,476
jodaille_frelon_2017-06-22-213001.jpg,1280,720,bee,796,430,838,459
jodaille_frelon_2017-06-22-213001.jpg,1280,720,bee,862,427,902,455
jodaille_frelon_2017-06-22-213001.jpg,1280,720,bee,638,506,684,533
jodaille_frelon_2017-06-22-213001.jpg,1280,720,bee,825,484,880,513
jodaille_frelon_2017-06-22-213001.jpg,1280,720,bee,712,491,753,524
jodaille_frelon_2017-06-22-213001.jpg,1280,720,bee,793,463,819,490
jodaille_frelon_2017-06-22-213001.jpg,1280,720,bee,766,495,808,517
jodaille_frelon_2017-06-22-213001.jpg,1280,720,bee,917,422,953,455
jodaille_frelon_2017-06-22-213001.jpg,1280,720,bee,935,477,970,502
jodaille_frelon_2017-06-22-213001.jpg,1280,720,bee,950,452,978,473
jodaille_frelon_2017-06-22-213001.jpg,1280,720,bee,874,456,928,494
jodaille_frelon_2017-06-22-213001.jpg,1280,720,bee,825,461,854,484
jodaille_frelon_2017-06-22-213001.jpg,1280,720,bee,734,472,771,497
jodaille_frelon_2017-06-22-213001.jpg,1280,720,bee,675,488,703,515
Abeilles_Frelons_asiatiques_devant_des_ruches_1280x720_032.jpeg,1280,720,hornet,558,277,638,342
Abeilles_Frelons_asiatiques_devant_des_ruches_1280x720_032.jpeg,1280,720,bee,592,452,644,480
bee-communications.fr-site-web.jpg,1500,550,bee,237,85,749,428
Abeilles_Frelons_asiatiques_devant_des_ruches_1280x720_028.jpeg,1280,720,hornet,538,301,615,384
Cette_ruche_est_assiegee_par_des_frelons_asiatiques_1280x720_036.jpeg,1280,720,hornet,502,339,637,481
Cette_ruche_est_assiegee_par_des_frelons_asiatiques_1280x720_036.jpeg,1280,720,hornet,347,321,503,463
abeille-defense-nb1.jpg,338,450,hornet,74,132,176,223
abeille-defense-nb1.jpg,338,450,bee,192,282,249,339
abeille-defense-nb1.jpg,338,450,bee,69,266,123,306
abeille-defense-nb1.jpg,338,450,bee,121,234,179,320
abeille-defense-nb1.jpg,338,450,bee,24,300,73,364
abeille-defense-nb1.jpg,338,450,bee,4,205,43,256
abeille-defense-nb1.jpg,338,450,bee,45,200,94,251
bbka_org_uk.jpg,800,688,hornet,56,437,237,554
bbka_org_uk.jpg,800,688,bee,227,138,301,194
bbka_org_uk.jpg,800,688,bee,466,179,559,231
bbka_org_uk.jpg,800,688,bee,567,161,658,224
bbka_org_uk.jpg,800,688,bee,206,90,281,143
bbka_org_uk.jpg,800,688,bee,315,46,381,104
bbka_org_uk.jpg,800,688,bee,146,26,229,84
bbka_org_uk.jpg,800,688,bee,635,34,689,87
bbka_org_uk.jpg,800,688,bee,713,164,780,242
bbka_org_uk.jpg,800,688,bee,636,150,715,206
bbka_org_uk.jpg,800,688,bee,399,73,446,110
bbka_org_uk.jpg,800,688,bee,399,90,483,138
bbka_org_uk.jpg,800,688,bee,429,22,489,69
bbka_org_uk.jpg,800,688,bee,718,84,780,131
bbka_org_uk.jpg,800,688,bee,238,29,295,80
Abeilles_Frelons_asiatiques_devant_des_ruches_1280x720_039.jpeg,1280,720,hornet,438,353,553,429
Abeilles_Frelons_asiatiques_devant_des_ruches_1280x720_030.jpeg,1280,720,hornet,581,275,662,345
Abeilles_contre_frelon_asiatique_640x360_012.jpeg,640,360,hornet,372,306,410,353
Abeilles_contre_frelon_asiatique_640x360_012.jpeg,640,360,bee,403,221,422,241
Abeilles_contre_frelon_asiatique_640x360_012.jpeg,640,360,bee,278,240,298,263
Abeilles_contre_frelon_asiatique_640x360_012.jpeg,640,360,bee,341,234,359,252
Abeilles_contre_frelon_asiatique_640x360_012.jpeg,640,360,bee,428,223,447,245
Abeilles_contre_frelon_asiatique_640x360_012.jpeg,640,360,bee,378,214,404,236
Abeilles_contre_frelon_asiatique_640x360_012.jpeg,640,360,bee,305,234,331,254
Abeilles_contre_frelon_asiatique_640x360_012.jpeg,640,360,bee,339,195,364,220
21617004560_460d40bdc1_o-3783380.jpg,1200,674,hornet,300,277,723,560
jodaille_frelon_2017-04-30-141001.jpg,1280,720,bee,839,501,871,523
jodaille_frelon_2017-04-30-141001.jpg,1280,720,hornet,735,583,789,642
Abeilles_Frelons_asiatiques_devant_des_ruches_1280x720_033.jpeg,1280,720,hornet,461,433,556,482
Abeilles_contre_frelon_asiatique_640x360_025.jpeg,640,360,hornet,369,320,426,356
Abeilles_contre_frelon_asiatique_640x360_025.jpeg,640,360,bee,325,297,357,315
Abeilles_contre_frelon_asiatique_640x360_025.jpeg,640,360,bee,295,327,324,353
Abeilles_Frelons_asiatiques_devant_des_ruches_1280x720_137.jpeg,1280,720,hornet,409,420,719,636
valdaliere_frelon_2.jpg,512,343,hornet,79,86,475,307
Entree_de_ruche_protegee_contre_les_frelons_par_une_grille.jpg,960,720,bee,317,184,334,205
Entree_de_ruche_protegee_contre_les_frelons_par_une_grille.jpg,960,720,bee,177,393,191,418
Entree_de_ruche_protegee_contre_les_frelons_par_une_grille.jpg,960,720,bee,168,336,188,353
Entree_de_ruche_protegee_contre_les_frelons_par_une_grille.jpg,960,720,bee,160,379,177,407
valdalliere_frelon.jpg,512,341,hornet,320,171,462,283
valdalliere_frelon.jpg,512,341,bee,188,205,255,260
valdalliere_frelon.jpg,512,341,bee,164,168,255,205
valdalliere_frelon.jpg,512,341,bee,51,81,86,124
valdalliere_frelon.jpg,512,341,bee,122,147,158,180
valdalliere_frelon.jpg,512,341,bee,107,228,181,270
valdalliere_frelon.jpg,512,341,bee,32,207,108,261
valdalliere_frelon.jpg,512,341,bee,56,152,120,198
743px-Vespa-velutina-starting-nest.png,743,600,hornet,245,169,651,466
Cette_ruche_est_assiegee_par_des_frelons_asiatiques_1280x720_002.jpeg,1280,720,hornet,519,320,627,478
Cette_ruche_est_assiegee_par_des_frelons_asiatiques_1280x720_002.jpeg,1280,720,hornet,643,291,841,407
Cette_ruche_est_assiegee_par_des_frelons_asiatiques_1280x720_002.jpeg,1280,720,hornet,561,237,656,314
Le_frelon_asiatique_Vespa_Velutina_devant_ma_ruche_1280x720_006.jpeg,1280,720,hornet,905,188,1040,320
Le_frelon_asiatique_Vespa_Velutina_devant_ma_ruche_1280x720_006.jpeg,1280,720,bee,414,287,459,338
Le_frelon_asiatique_Vespa_Velutina_devant_ma_ruche_1280x720_006.jpeg,1280,720,bee,198,535,227,575
Le_frelon_asiatique_Vespa_Velutina_devant_ma_ruche_1280x720_006.jpeg,1280,720,bee,304,230,350,268
Le_frelon_asiatique_Vespa_Velutina_devant_ma_ruche_1280x720_006.jpeg,1280,720,bee,182,284,219,321
Le_frelon_asiatique_Vespa_Velutina_devant_ma_ruche_1280x720_006.jpeg,1280,720,bee,408,380,442,409
Le_frelon_asiatique_Vespa_Velutina_devant_ma_ruche_1280x720_006.jpeg,1280,720,bee,81,494,142,526
Le_frelon_asiatique_Vespa_Velutina_devant_ma_ruche_1280x720_006.jpeg,1280,720,bee,289,307,337,342
Le_frelon_asiatique_Vespa_Velutina_devant_ma_ruche_1280x720_006.jpeg,1280,720,bee,247,407,289,466
jodaille_frelon_frelon_2017-04-24-143501.jpg,1280,720,bee,470,360,511,388
Abeilles_Frelons_asiatiques_devant_des_ruches_1280x720_068.jpeg,1280,720,hornet,505,354,568,388
Abeilles_contre_frelon_asiatique_640x360_048.jpeg,640,360,bee,409,242,443,265
Abeilles_contre_frelon_asiatique_640x360_048.jpeg,640,360,bee,285,239,323,259
Abeilles_contre_frelon_asiatique_640x360_048.jpeg,640,360,bee,349,245,374,265
Abeilles_contre_frelon_asiatique_640x360_048.jpeg,640,360,bee,380,256,415,274
Abeilles_contre_frelon_asiatique_640x360_048.jpeg,640,360,bee,390,226,421,238
Abeilles_contre_frelon_asiatique_640x360_048.jpeg,640,360,bee,327,227,365,242
Abeilles_Frelons_asiatiques_devant_des_ruches_1280x720_143.jpeg,1280,720,hornet,350,192,651,422
Cette_ruche_est_assiegee_par_des_frelons_asiatiques_1280x720_007.jpeg,1280,720,hornet,546,316,650,466
Cette_ruche_est_assiegee_par_des_frelons_asiatiques_1280x720_007.jpeg,1280,720,hornet,559,275,715,365
jodaille_frelon_2017-04-24-153601.jpg,1280,720,bee,478,451,514,480
jodaille_frelon_2017-04-24-153601.jpg,1280,720,bee,509,99,537,145
jodaille_frelon_2017-04-24-153601.jpg,1280,720,bee,640,117,682,148
jodaille_frelon_2017-04-24-153601.jpg,1280,720,bee,354,381,388,412
jodaille_frelon_2017-04-24-153601.jpg,1280,720,bee,329,314,353,348
jodaille_frelon_2017-04-24-153601.jpg,1280,720,bee,768,496,792,538
jodaille_frelon_2017-04-24-153601.jpg,1280,720,bee,369,531,399,557
jodaille_frelon_2017-04-24-153601.jpg,1280,720,bee,340,558,369,589
jodaille_frelon_2017-04-24-153601.jpg,1280,720,bee,697,411,732,443
jodaille_frelon_2017-04-24-153601.jpg,1280,720,bee,1005,479,1029,514
jodaille_frelon_2017-04-24-153601.jpg,1280,720,bee,877,534,904,558
jodaille_frelon_2017-04-24-153601.jpg,1280,720,bee,527,488,547,534
jodaille_frelon_2017-04-24-153601.jpg,1280,720,bee,498,541,534,562
jodaille_frelon_2017-04-24-153601.jpg,1280,720,bee,640,529,662,568
jodaille_frelon_2017-04-24-153601.jpg,1280,720,bee,514,453,549,483
jodaille_frelon_2017-04-24-153601.jpg,1280,720,bee,551,497,568,531
jodaille_frelon_2017-04-24-153601.jpg,1280,720,bee,580,495,603,529
jodaille_frelon_2017-04-24-153601.jpg,1280,720,bee,822,526,847,552
jodaille_frelon_2017-04-24-153601.jpg,1280,720,bee,691,470,725,497
jodaille_frelon_2017-04-24-153601.jpg,1280,720,bee,629,500,665,527
jodaille_frelon_2017-04-24-153601.jpg,1280,720,bee,569,532,591,552
Abeilles_Frelons_asiatiques_devant_des_ruches_1280x720_043.jpeg,1280,720,hornet,243,273,361,326
jodaille_frelon_2017-05-11-122601.jpg,1280,720,bee,759,341,779,378
jodaille_frelon_2017-05-11-122601.jpg,1280,720,bee,780,137,819,179
jodaille_frelon_2017-05-11-122601.jpg,1280,720,bee,844,419,871,459
jodaille_frelon_2017-05-11-122601.jpg,1280,720,bee,614,472,646,499
jodaille_frelon_2017-05-11-122601.jpg,1280,720,hornet,1,388,61,418
jodaille_frelon_2017-05-11-122601.jpg,1280,720,bee,683,405,725,436
jodaille_frelon_2017-05-11-122601.jpg,1280,720,bee,573,404,604,439
jodaille_frelon_2017-05-11-122601.jpg,1280,720,bee,632,40,659,75
jodaille_frelon_2017-05-11-122601.jpg,1280,720,bee,608,11,647,45
jodaille_frelon_2017-05-11-122601.jpg,1280,720,bee,888,489,925,522
jodaille_frelon_2017-05-11-122601.jpg,1280,720,bee,421,497,453,534
jodaille_frelon_2017-05-11-122601.jpg,1280,720,bee,466,516,501,545
jodaille_frelon_2017-05-11-122601.jpg,1280,720,bee,979,522,1024,550
jodaille_frelon_2017-05-11-122601.jpg,1280,720,bee,763,484,788,520
jodaille_frelon_2017-05-11-122601.jpg,1280,720,bee,794,494,815,524
jodaille_frelon_2017-05-11-122601.jpg,1280,720,bee,704,509,728,542
jodaille_frelon_2017-05-11-122601.jpg,1280,720,bee,689,556,727,592
jodaille_frelon_2017-05-11-122601.jpg,1280,720,bee,886,542,915,572
jodaille_frelon_2017-05-11-122601.jpg,1280,720,bee,943,529,969,563
jodaille_frelon_2017-05-11-122601.jpg,1280,720,bee,786,540,820,562
jodaille_frelon_2017-05-11-122601.jpg,1280,720,bee,836,531,867,560
jodaille_frelon_2017-05-11-122601.jpg,1280,720,bee,825,489,856,521
jodaille_frelon_2017-05-11-122601.jpg,1280,720,bee,535,491,563,522
jodaille_frelon_2017-05-11-122601.jpg,1280,720,bee,578,449,611,486
jodaille_frelon_2017-05-11-122601.jpg,1280,720,bee,720,471,755,507
jodaille_frelon_2017-05-11-122601.jpg,1280,720,bee,753,534,792,557
jodaille_frelon_2017-05-11-122601.jpg,1280,720,bee,1053,469,1081,506
jodaille_frelon_2017-05-11-122601.jpg,1280,720,bee,524,542,553,564
jodaille_frelon_2017-05-11-122601.jpg,1280,720,bee,1049,73,1070,110
310x190_frelon-asiatique-devant-ruche.jpg,310,190,hornet,26,42,97,105
310x190_frelon-asiatique-devant-ruche.jpg,310,190,bee,266,73,295,103
310x190_frelon-asiatique-devant-ruche.jpg,310,190,bee,229,135,271,169
310x190_frelon-asiatique-devant-ruche.jpg,310,190,bee,242,31,282,63
310x190_frelon-asiatique-devant-ruche.jpg,310,190,bee,276,115,301,159
310x190_frelon-asiatique-devant-ruche.jpg,310,190,bee,233,86,270,126
Abeilles_Frelons_asiatiques_devant_des_ruches_1280x720_115.jpeg,1280,720,hornet,469,307,816,557
jodaille_frelon_2017-06-22-105701.jpg,1280,720,bee,632,457,667,485
jodaille_frelon_2017-06-22-105701.jpg,1280,720,hornet,985,371,1053,456
jodaille_frelon_2017-06-22-105701.jpg,1280,720,bee,725,440,743,470
jodaille_frelon_2017-06-22-105701.jpg,1280,720,bee,817,445,840,467
jodaille_frelon_2017-06-22-105701.jpg,1280,720,bee,775,485,803,512
jodaille_frelon_2017-06-22-105701.jpg,1280,720,bee,873,463,897,486
jodaille_frelon_2017-06-22-105701.jpg,1280,720,bee,890,435,917,464
jodaille_frelon_2017-06-22-105701.jpg,1280,720,bee,785,471,810,486
jodaille_frelon_2017-06-22-105701.jpg,1280,720,bee,816,483,849,499
Abeilles_contre_frelon_asiatique_640x360_044.jpeg,640,360,bee,381,259,411,279
Abeilles_contre_frelon_asiatique_640x360_044.jpeg,640,360,bee,418,228,454,257
Abeilles_contre_frelon_asiatique_640x360_044.jpeg,640,360,bee,322,249,356,271
Abeilles_contre_frelon_asiatique_640x360_044.jpeg,640,360,bee,373,226,406,248
Abeilles_contre_frelon_asiatique_640x360_044.jpeg,640,360,bee,334,214,368,241
Abeilles_Frelons_asiatiques_devant_des_ruches_1280x720_102.jpeg,1280,720,hornet,346,255,655,481
Cette_ruche_est_assiegee_par_des_frelons_asiatiques_1280x720_017.jpeg,1280,720,hornet,623,391,744,477
Cette_ruche_est_assiegee_par_des_frelons_asiatiques_1280x720_017.jpeg,1280,720,hornet,508,433,654,614
Abeilles_contre_frelon_asiatique_640x360_057.jpeg,640,360,bee,440,249,462,281
Abeilles_contre_frelon_asiatique_640x360_057.jpeg,640,360,bee,332,232,351,256
Abeilles_contre_frelon_asiatique_640x360_057.jpeg,640,360,bee,303,211,322,234
Abeilles_contre_frelon_asiatique_640x360_057.jpeg,640,360,bee,373,239,393,258
Abeilles_contre_frelon_asiatique_640x360_057.jpeg,640,360,bee,408,242,441,275
Abeilles_Frelons_asiatiques_devant_des_ruches_1280x720_103.jpeg,1280,720,hornet,392,367,708,595
Abeilles_Frelons_asiatiques_devant_des_ruches_1280x720_121.jpeg,1280,720,hornet,436,290,822,552
maxresdefault.jpg,1280,720,hornet,668,122,1070,449
Cette_ruche_est_assiegee_par_des_frelons_asiatiques_1280x720_014.jpeg,1280,720,hornet,504,368,711,579
Cette_ruche_est_assiegee_par_des_frelons_asiatiques_1280x720_014.jpeg,1280,720,hornet,591,367,718,447
jodaille_frelon_2017-06-18-133901.jpg,1280,720,hornet,1056,281,1143,326
jodaille_frelon_2017-06-18-133901.jpg,1280,720,bee,1059,456,1086,481
jodaille_frelon_2017-06-18-133901.jpg,1280,720,bee,870,405,902,438
jodaille_frelon_2017-06-18-133901.jpg,1280,720,bee,772,383,803,419
jodaille_frelon_2017-06-18-133901.jpg,1280,720,bee,628,425,656,459
jodaille_frelon_2017-06-18-133901.jpg,1280,720,bee,721,483,749,504
jodaille_frelon_2017-06-18-133901.jpg,1280,720,bee,790,439,822,470
jodaille_frelon_2017-06-18-133901.jpg,1280,720,bee,859,434,883,485
jodaille_frelon_2017-06-18-133901.jpg,1280,720,bee,686,392,716,440
jodaille_frelon_2017-06-18-133901.jpg,1280,720,bee,737,386,769,415
jodaille_frelon_2017-06-18-133901.jpg,1280,720,bee,758,483,795,506
jodaille_frelon_2017-06-18-133901.jpg,1280,720,bee,661,448,687,475
jodaille_frelon_2017-06-18-133901.jpg,1280,720,bee,579,460,614,488
jodaille_frelon_2017-06-18-133901.jpg,1280,720,bee,705,449,740,476
Abeilles_Frelons_asiatiques_devant_des_ruches_1280x720_064.jpeg,1280,720,bee,435,254,464,288
Abeilles_Frelons_asiatiques_devant_des_ruches_1280x720_097.jpeg,1280,720,hornet,500,439,723,586
Abeilles_Frelons_asiatiques_devant_des_ruches_1280x720_002.jpeg,1280,720,hornet,480,399,525,428
Abeilles_Frelons_asiatiques_devant_des_ruches_1280x720_002.jpeg,1280,720,bee,560,508,573,528
640px-Asian_hornet-Vespa_velutina-.jpg,640,427,hornet,133,126,478,289
jodaille_frelon_2017-05-28-172701.jpg,1280,720,bee,559,424,603,465
jodaille_frelon_2017-05-28-172701.jpg,1280,720,bee,758,300,794,333
jodaille_frelon_2017-05-28-172701.jpg,1280,720,bee,837,223,870,262
jodaille_frelon_2017-05-28-172701.jpg,1280,720,bee,958,228,996,271
jodaille_frelon_2017-05-28-172701.jpg,1280,720,hornet,859,218,911,267
jodaille_frelon_2017-05-28-172701.jpg,1280,720,bee,636,239,676,271
jodaille_frelon_2017-05-28-172701.jpg,1280,720,bee,598,352,626,405
jodaille_frelon_2017-05-28-172701.jpg,1280,720,bee,591,297,627,340
jodaille_frelon_2017-05-28-172701.jpg,1280,720,bee,635,326,663,374
jodaille_frelon_2017-05-28-172701.jpg,1280,720,bee,775,399,822,425
jodaille_frelon_2017-05-28-172701.jpg,1280,720,bee,895,402,916,437
jodaille_frelon_2017-05-28-172701.jpg,1280,720,bee,977,373,1007,409
jodaille_frelon_2017-05-28-172701.jpg,1280,720,bee,971,452,1003,490
jodaille_frelon_2017-05-28-172701.jpg,1280,720,bee,364,511,406,538
jodaille_frelon_2017-05-28-172701.jpg,1280,720,bee,414,453,457,474
jodaille_frelon_2017-05-28-172701.jpg,1280,720,bee,420,420,471,448
jodaille_frelon_2017-05-28-172701.jpg,1280,720,bee,505,373,546,417
jodaille_frelon_2017-05-28-172701.jpg,1280,720,bee,532,411,571,435
jodaille_frelon_2017-05-28-172701.jpg,1280,720,bee,480,476,507,515
jodaille_frelon_2017-05-28-172701.jpg,1280,720,bee,500,449,529,484
jodaille_frelon_2017-05-28-172701.jpg,1280,720,bee,559,464,582,509
jodaille_frelon_2017-05-28-172701.jpg,1280,720,bee,641,459,672,503
jodaille_frelon_2017-05-28-172701.jpg,1280,720,bee,713,428,741,466
jodaille_frelon_2017-05-28-172701.jpg,1280,720,bee,694,438,717,478
jodaille_frelon_2017-05-28-172701.jpg,1280,720,bee,678,460,705,498
jodaille_frelon_2017-05-28-172701.jpg,1280,720,bee,415,566,443,603
jodaille_frelon_2017-05-28-172701.jpg,1280,720,bee,514,543,555,564
jodaille_frelon_2017-05-28-172701.jpg,1280,720,bee,614,583,647,617
jodaille_frelon_2017-05-28-172701.jpg,1280,720,bee,720,582,762,614
jodaille_frelon_2017-05-28-172701.jpg,1280,720,bee,545,571,589,607
jodaille_frelon_2017-05-28-172701.jpg,1280,720,bee,581,578,613,615
jodaille_frelon_2017-05-28-172701.jpg,1280,720,bee,612,543,637,575
jodaille_frelon_2017-05-28-172701.jpg,1280,720,bee,597,475,630,499
jodaille_frelon_2017-05-28-172701.jpg,1280,720,bee,728,347,773,369
jodaille_frelon_2017-05-28-172701.jpg,1280,720,bee,726,371,768,394
jodaille_frelon_2017-05-28-172701.jpg,1280,720,bee,933,564,967,598
jodaille_frelon_2017-05-28-172701.jpg,1280,720,bee,861,538,888,570
jodaille_frelon_2017-05-28-172701.jpg,1280,720,bee,757,552,796,576
jodaille_frelon_2017-05-28-172701.jpg,1280,720,bee,1065,489,1102,515
jodaille_frelon_2017-05-28-172701.jpg,1280,720,bee,986,500,1024,523
jodaille_frelon_2017-05-28-172701.jpg,1280,720,bee,883,446,920,488
jodaille_frelon_2017-05-28-172701.jpg,1280,720,bee,797,448,824,480
jodaille_frelon_2017-05-28-172701.jpg,1280,720,bee,773,456,794,488
jodaille_frelon_2017-05-28-172701.jpg,1280,720,bee,747,443,772,475
jodaille_frelon_2017-05-28-172701.jpg,1280,720,bee,746,498,867,550
jodaille_frelon_2017-05-28-172701.jpg,1280,720,bee,517,513,561,539
jodaille_frelon_2017-05-28-172701.jpg,1280,720,bee,695,549,730,570
jodaille_frelon_2017-05-28-172701.jpg,1280,720,bee,882,494,964,558
jodaille_frelon_2017-05-28-172701.jpg,1280,720,bee,1043,522,1077,546
jodaille_frelon_2017-05-28-172701.jpg,1280,720,bee,597,506,701,538
jodaille_frelon_2017-05-28-172701.jpg,1280,720,bee,718,513,745,546
jodaille_frelon_2017-05-28-172701.jpg,1280,720,bee,846,442,877,471
jodaille_frelon_2017-05-28-172701.jpg,1280,720,bee,939,424,962,465
jodaille_frelon_2017-05-28-172701.jpg,1280,720,bee,332,533,366,555
Le_frelon_asiatique_Vespa_Velutina_devant_ma_ruche_1280x720_014.jpeg,1280,720,hornet,881,402,948,462
Le_frelon_asiatique_Vespa_Velutina_devant_ma_ruche_1280x720_014.jpeg,1280,720,bee,359,296,399,347
Le_frelon_asiatique_Vespa_Velutina_devant_ma_ruche_1280x720_014.jpeg,1280,720,bee,462,364,500,411
Le_frelon_asiatique_Vespa_Velutina_devant_ma_ruche_1280x720_014.jpeg,1280,720,bee,181,629,242,672
Le_frelon_asiatique_Vespa_Velutina_devant_ma_ruche_1280x720_014.jpeg,1280,720,bee,213,344,279,412
Le_frelon_asiatique_Vespa_Velutina_devant_ma_ruche_1280x720_014.jpeg,1280,720,bee,291,337,361,387
Le_frelon_asiatique_Vespa_Velutina_devant_ma_ruche_1280x720_014.jpeg,1280,720,bee,403,419,454,472
Le_frelon_asiatique_Vespa_Velutina_devant_ma_ruche_1280x720_014.jpeg,1280,720,bee,287,504,346,557
Cette_ruche_est_assiegee_par_des_frelons_asiatiques_1280x720_009.jpeg,1280,720,hornet,527,357,671,553
Cette_ruche_est_assiegee_par_des_frelons_asiatiques_1280x720_009.jpeg,1280,720,hornet,443,286,635,396
jodaille_frelon_2017-06-23-072701.jpg,1280,720,hornet,1161,320,1213,374
jodaille_frelon_2017-06-23-072701.jpg,1280,720,bee,773,448,814,470
Le_frelon_asiatique_Vespa_Velutina_devant_ma_ruche_1280x720_018.jpeg,1280,720,bee,375,259,415,303
Le_frelon_asiatique_Vespa_Velutina_devant_ma_ruche_1280x720_018.jpeg,1280,720,bee,477,328,529,382
Le_frelon_asiatique_Vespa_Velutina_devant_ma_ruche_1280x720_018.jpeg,1280,720,bee,203,563,272,610
Le_frelon_asiatique_Vespa_Velutina_devant_ma_ruche_1280x720_018.jpeg,1280,720,bee,426,375,477,433
Le_frelon_asiatique_Vespa_Velutina_devant_ma_ruche_1280x720_018.jpeg,1280,720,bee,272,280,320,335
Le_frelon_asiatique_Vespa_Velutina_devant_ma_ruche_1280x720_018.jpeg,1280,720,bee,225,315,289,374
Le_frelon_asiatique_Vespa_Velutina_devant_ma_ruche_1280x720_018.jpeg,1280,720,bee,15,522,78,564
Le_frelon_asiatique_Vespa_Velutina_devant_ma_ruche_1280x720_018.jpeg,1280,720,bee,361,400,417,453
Le_frelon_asiatique_Vespa_Velutina_devant_ma_ruche_1280x720_018.jpeg,1280,720,bee,148,468,215,513
jodaille_frelon_2017-06-18-080601.jpg,1280,720,bee,841,378,876,405
jodaille_frelon_2017-06-18-080601.jpg,1280,720,hornet,1133,369,1183,437
jodaille_frelon_2017-06-18-080601.jpg,1280,720,bee,763,430,803,462
jodaille_frelon_2017-06-18-080601.jpg,1280,720,bee,705,445,731,479
jodaille_frelon_2017-06-18-080601.jpg,1280,720,bee,691,493,715,520
jodaille_frelon_2017-06-18-080601.jpg,1280,720,bee,659,470,685,493
jodaille_frelon_2017-06-18-080601.jpg,1280,720,bee,936,461,982,490
jodaille_frelon_2017-06-18-080601.jpg,1280,720,bee,847,418,871,463
jodaille_frelon_2017-06-18-080601.jpg,1280,720,bee,874,443,904,464
jodaille_frelon_2017-06-18-080601.jpg,1280,720,bee,722,470,753,488
jodaille_frelon_2017-06-18-080601.jpg,1280,720,bee,776,452,801,481
jodaille_frelon_2017-05-02-165601.jpg,1280,720,hornet,140,362,193,414
jodaille_frelon_2017-05-02-165601.jpg,1280,720,bee,318,258,368,301
jodaille_frelon_2017-05-02-165601.jpg,1280,720,bee,609,229,644,265
jodaille_frelon_2017-05-02-165601.jpg,1280,720,bee,808,287,863,334
jodaille_frelon_2017-05-02-165601.jpg,1280,720,bee,715,689,773,720
jodaille_frelon_2017-05-02-165601.jpg,1280,720,bee,594,561,628,620
jodaille_frelon_2017-05-02-165601.jpg,1280,720,bee,640,557,682,609
jodaille_frelon_2017-05-02-165601.jpg,1280,720,bee,637,467,669,504
jodaille_frelon_2017-05-02-165601.jpg,1280,720,bee,508,532,545,564
jodaille_frelon_2017-05-02-165601.jpg,1280,720,bee,554,535,575,571
jodaille_frelon_2017-05-02-165601.jpg,1280,720,bee,757,537,786,576
jodaille_frelon_2017-05-02-165601.jpg,1280,720,bee,772,590,811,623
jodaille_frelon_2017-05-02-165601.jpg,1280,720,bee,465,548,501,575
Le_frelon_asiatique_Vespa_Velutina_devant_ma_ruche_1280x720_019.jpeg,1280,720,bee,451,330,495,372
Le_frelon_asiatique_Vespa_Velutina_devant_ma_ruche_1280x720_019.jpeg,1280,720,bee,335,230,366,278
Le_frelon_asiatique_Vespa_Velutina_devant_ma_ruche_1280x720_019.jpeg,1280,720,bee,214,270,281,328
Le_frelon_asiatique_Vespa_Velutina_devant_ma_ruche_1280x720_019.jpeg,1280,720,bee,169,315,230,368
Le_frelon_asiatique_Vespa_Velutina_devant_ma_ruche_1280x720_019.jpeg,1280,720,bee,106,546,154,618
Le_frelon_asiatique_Vespa_Velutina_devant_ma_ruche_1280x720_019.jpeg,1280,720,bee,165,530,233,606
Le_frelon_asiatique_Vespa_Velutina_devant_ma_ruche_1280x720_019.jpeg,1280,720,bee,260,392,318,458
Le_frelon_asiatique_Vespa_Velutina_devant_ma_ruche_1280x720_019.jpeg,1280,720,bee,354,311,431,348
Cette_ruche_est_assiegee_par_des_frelons_asiatiques_1280x720_048.jpeg,1280,720,hornet,382,347,518,492
Cette_ruche_est_assiegee_par_des_frelons_asiatiques_1280x720_048.jpeg,1280,720,hornet,474,398,651,485
Abeilles_Frelons_asiatiques_devant_des_ruches_1280x720_096.jpeg,1280,720,hornet,578,462,816,617
Abeilles_Frelons_asiatiques_devant_des_ruches_1280x720_119.jpeg,1280,720,hornet,312,226,638,483
Abeilles_Frelons_asiatiques_devant_des_ruches_1280x720_107.jpeg,1280,720,hornet,507,295,831,515
Le_frelon_asiatique_Vespa_Velutina_devant_ma_ruche_1280x720_013.jpeg,1280,720,hornet,937,350,1036,436
Le_frelon_asiatique_Vespa_Velutina_devant_ma_ruche_1280x720_013.jpeg,1280,720,bee,356,314,408,364
Le_frelon_asiatique_Vespa_Velutina_devant_ma_ruche_1280x720_013.jpeg,1280,720,bee,452,380,505,437
Le_frelon_asiatique_Vespa_Velutina_devant_ma_ruche_1280x720_013.jpeg,1280,720,bee,212,372,276,428
Le_frelon_asiatique_Vespa_Velutina_devant_ma_ruche_1280x720_013.jpeg,1280,720,bee,350,473,380,527
Le_frelon_asiatique_Vespa_Velutina_devant_ma_ruche_1280x720_013.jpeg,1280,720,bee,294,357,342,399
jodaille_frelon_2017-06-12-123501.jpg,1280,720,bee,990,335,1037,401
jodaille_frelon_2017-06-12-123501.jpg,1280,720,bee,771,490,796,523
jodaille_frelon_2017-06-12-123501.jpg,1280,720,bee,971,12,1021,60
jodaille_frelon_2017-06-12-123501.jpg,1280,720,bee,831,555,870,591
jodaille_frelon_2017-06-12-123501.jpg,1280,720,bee,406,417,434,452
jodaille_frelon_2017-06-12-123501.jpg,1280,720,bee,613,323,644,364
jodaille_frelon_2017-06-12-123501.jpg,1280,720,bee,682,525,713,565
jodaille_frelon_2017-06-12-123501.jpg,1280,720,bee,587,451,624,483
jodaille_frelon_2017-06-12-123501.jpg,1280,720,bee,913,409,939,452
jodaille_frelon_2017-06-12-123501.jpg,1280,720,bee,848,401,880,424
jodaille_frelon_2017-06-12-123501.jpg,1280,720,bee,551,476,588,513
jodaille_frelon_2017-06-12-123501.jpg,1280,720,bee,829,427,905,500
Abeilles_Frelons_asiatiques_devant_des_ruches_1280x720_104.jpeg,1280,720,hornet,300,246,609,485
Abeilles_contre_frelon_asiatique_640x360_029.jpeg,640,360,hornet,291,201,350,241
Abeilles_contre_frelon_asiatique_640x360_029.jpeg,640,360,bee,403,221,439,242
Abeilles_contre_frelon_asiatique_640x360_029.jpeg,640,360,bee,366,210,401,231
Abeilles_Frelons_asiatiques_devant_des_ruches_1280x720_128.jpeg,1280,720,hornet,305,132,651,384
Cette_ruche_est_assiegee_par_des_frelons_asiatiques_1280x720_049.jpeg,1280,720,hornet,473,384,650,485
Cette_ruche_est_assiegee_par_des_frelons_asiatiques_1280x720_049.jpeg,1280,720,hornet,373,310,499,493
jodaille_frelon_2017-06-16-132001.jpg,1280,720,hornet,1208,453,1269,502
jodaille_frelon_2017-06-16-132001.jpg,1280,720,bee,745,411,768,446
jodaille_frelon_2017-06-16-132001.jpg,1280,720,bee,617,485,658,510
jodaille_frelon_2017-06-16-132001.jpg,1280,720,bee,791,485,823,509
jodaille_frelon_2017-06-16-132001.jpg,1280,720,bee,954,417,982,467
jodaille_frelon_2017-06-16-132001.jpg,1280,720,bee,883,470,912,496
jodaille_frelon_2017-06-16-132001.jpg,1280,720,bee,798,405,841,438
jodaille_frelon_2017-06-16-132001.jpg,1280,720,bee,772,393,801,426
jodaille_frelon_2017-06-16-132001.jpg,1280,720,bee,688,457,711,481
jodaille_frelon_2017-06-16-132001.jpg,1280,720,bee,726,466,758,502
jodaille_frelon_2017-06-16-132001.jpg,1280,720,bee,823,467,861,495
jodaille_frelon_2017-06-16-132001.jpg,1280,720,bee,810,449,859,469
jodaille_frelon_2017-06-16-132001.jpg,1280,720,bee,910,434,937,480
jodaille_frelon_2017-06-16-132001.jpg,1280,720,bee,1015,423,1055,452
Abeilles_Frelons_asiatiques_devant_des_ruches_1280x720_063.jpeg,1280,720,bee,437,323,474,353
Cette_ruche_est_assiegee_par_des_frelons_asiatiques_1280x720_031.jpeg,1280,720,hornet,444,368,669,597
Cette_ruche_est_assiegee_par_des_frelons_asiatiques_1280x720_031.jpeg,1280,720,hornet,404,273,556,420
Abeilles_contre_frelon_asiatique_640x360_036.jpeg,640,360,bee,415,217,446,238
Abeilles_contre_frelon_asiatique_640x360_036.jpeg,640,360,bee,301,235,324,256
Abeilles_contre_frelon_asiatique_640x360_036.jpeg,640,360,bee,329,233,352,257
Abeilles_contre_frelon_asiatique_640x360_036.jpeg,640,360,bee,329,201,355,222
Abeilles_contre_frelon_asiatique_640x360_036.jpeg,640,360,bee,374,210,404,230
Abeilles_Frelons_asiatiques_devant_des_ruches_1280x720_093.jpeg,1280,720,hornet,597,299,731,366
Abeilles_Frelons_asiatiques_devant_des_ruches_1280x720_099.jpeg,1280,720,hornet,527,311,809,475
jodaille_frelon_2017-05-05-183901.jpg,1280,720,bee,379,592,416,619
jodaille_frelon_2017-05-05-183901.jpg,1280,720,hornet,742,446,798,499
jodaille_frelon_2017-05-05-183901.jpg,1280,720,bee,690,427,716,471
jodaille_frelon_2017-05-05-183901.jpg,1280,720,bee,635,429,669,463
jodaille_frelon_2017-05-05-183901.jpg,1280,720,bee,560,511,579,550
jodaille_frelon_2017-05-05-183901.jpg,1280,720,bee,613,486,641,522
jodaille_frelon_2017-05-05-183901.jpg,1280,720,bee,720,559,743,587
jodaille_frelon_2017-05-05-183901.jpg,1280,720,bee,702,478,728,511
jodaille_frelon_2017-05-05-183901.jpg,1280,720,bee,885,537,918,558
jodaille_frelon_2017-05-05-183901.jpg,1280,720,bee,747,552,779,577
8664142.jpg,549,750,hornet,90,155,427,509
abeille-defense-nb3.jpg,500,375,hornet,110,161,165,229
abeille-defense-nb3.jpg,500,375,bee,171,229,227,251
abeille-defense-nb3.jpg,500,375,bee,195,191,228,213
abeille-defense-nb3.jpg,500,375,bee,246,249,284,276
abeille-defense-nb3.jpg,500,375,bee,232,286,283,322
abeille-defense-nb3.jpg,500,375,bee,291,280,321,316
abeille-defense-nb3.jpg,500,375,bee,294,129,346,158
abeille-defense-nb3.jpg,500,375,bee,464,225,491,278
abeille-defense-nb3.jpg,500,375,bee,401,258,435,318
abeille-defense-nb3.jpg,500,375,bee,333,214,382,236
abeille-defense-nb3.jpg,500,375,bee,439,140,463,170
abeille-defense-nb3.jpg,500,375,bee,396,138,415,167
abeille-defense-nb3.jpg,500,375,bee,256,162,300,188
abeille-defense-nb3.jpg,500,375,bee,312,168,350,198
Abeilles_Frelons_asiatiques_devant_des_ruches_1280x720_003.jpeg,1280,720,hornet,569,456,608,507
Abeilles_Frelons_asiatiques_devant_des_ruches_1280x720_003.jpeg,1280,720,bee,696,280,714,306
Abeilles_contre_frelon_asiatique_640x360_037.jpeg,640,360,bee,417,214,448,235
Abeilles_contre_frelon_asiatique_640x360_037.jpeg,640,360,bee,300,233,320,259
Abeilles_contre_frelon_asiatique_640x360_037.jpeg,640,360,bee,347,222,371,245
Abeilles_contre_frelon_asiatique_640x360_037.jpeg,640,360,bee,325,228,348,256
jodaille_frelon_2017-05-16-133001.jpg,1280,720,bee,789,446,820,481
jodaille_frelon_2017-05-16-133001.jpg,1280,720,bee,921,463,947,494
jodaille_frelon_2017-05-16-133001.jpg,1280,720,bee,671,369,712,406
jodaille_frelon_2017-05-16-133001.jpg,1280,720,bee,848,531,889,559
jodaille_frelon_2017-05-16-133001.jpg,1280,720,bee,704,511,729,550
jodaille_frelon_2017-05-16-133001.jpg,1280,720,hornet,341,481,397,567
jodaille_frelon_2017-05-16-133001.jpg,1280,720,bee,759,443,780,474
jodaille_frelon_2017-05-16-133001.jpg,1280,720,bee,735,543,778,565
jodaille_frelon_2017-05-16-133001.jpg,1280,720,bee,823,529,859,553
jodaille_frelon_2017-05-16-133001.jpg,1280,720,bee,861,509,902,535
jodaille_frelon_2017-05-16-133001.jpg,1280,720,bee,736,490,759,520
jodaille_frelon_2017-05-16-133001.jpg,1280,720,bee,661,477,690,514
jodaille_frelon_2017-05-16-133001.jpg,1280,720,bee,464,530,525,556
jodaille_frelon_2017-05-16-133001.jpg,1280,720,bee,564,503,592,528
jodaille_frelon_2017-05-16-133001.jpg,1280,720,bee,589,537,622,563
jodaille_frelon_2017-05-16-133001.jpg,1280,720,bee,634,489,658,521
jodaille_frelon_2017-05-16-133001.jpg,1280,720,bee,661,535,702,564
jodaille_frelon_2017-05-16-133001.jpg,1280,720,bee,740,526,762,548
jodaille_frelon_2017-05-16-133001.jpg,1280,720,bee,238,438,272,470
Abeilles_Frelons_asiatiques_devant_des_ruches_1280x720_006.jpeg,1280,720,hornet,732,404,813,460
Abeilles_Frelons_asiatiques_devant_des_ruches_1280x720_058.jpeg,1280,720,hornet,419,454,467,494
Abeilles_Frelons_asiatiques_devant_des_ruches_1280x720_058.jpeg,1280,720,bee,512,363,553,384
Le_frelon_asiatique_Vespa_Velutina_devant_ma_ruche_1280x720_008.jpeg,1280,720,hornet,739,139,842,227
Le_frelon_asiatique_Vespa_Velutina_devant_ma_ruche_1280x720_008.jpeg,1280,720,bee,335,261,384,305
Le_frelon_asiatique_Vespa_Velutina_devant_ma_ruche_1280x720_008.jpeg,1280,720,bee,438,329,477,365
Le_frelon_asiatique_Vespa_Velutina_devant_ma_ruche_1280x720_008.jpeg,1280,720,bee,109,518,165,554
Le_frelon_asiatique_Vespa_Velutina_devant_ma_ruche_1280x720_008.jpeg,1280,720,bee,204,300,242,355
Le_frelon_asiatique_Vespa_Velutina_devant_ma_ruche_1280x720_008.jpeg,1280,720,bee,304,326,378,359
Le_frelon_asiatique_Vespa_Velutina_devant_ma_ruche_1280x720_008.jpeg,1280,720,bee,274,447,313,497
Le_frelon_asiatique_Vespa_Velutina_devant_ma_ruche_1280x720_008.jpeg,1280,720,bee,338,448,376,499
Le_frelon_asiatique_Vespa_Velutina_devant_ma_ruche_1280x720_008.jpeg,1280,720,bee,196,550,235,613
Le_frelon_asiatique_Vespa_Velutina_devant_ma_ruche_1280x720_008.jpeg,1280,720,bee,123,454,182,494
Le_frelon_asiatique_Vespa_Velutina_devant_ma_ruche_1280x720_008.jpeg,1280,720,bee,205,416,267,458
Le_frelon_asiatique_Vespa_Velutina_devant_ma_ruche_1280x720_008.jpeg,1280,720,bee,377,386,433,433
Le_frelon_asiatique_Vespa_Velutina_devant_ma_ruche_1280x720_008.jpeg,1280,720,bee,437,371,484,436
Abeilles_contre_frelon_asiatique_640x360_042.jpeg,640,360,bee,420,245,457,265
Abeilles_contre_frelon_asiatique_640x360_042.jpeg,640,360,bee,388,268,421,288
Abeilles_contre_frelon_asiatique_640x360_042.jpeg,640,360,bee,306,251,347,275
Abeilles_contre_frelon_asiatique_640x360_042.jpeg,640,360,bee,367,241,407,260
Abeilles_contre_frelon_asiatique_640x360_042.jpeg,640,360,bee,345,249,373,275
1024px-Vespa_velutina_MHNT.jpg,764,720,hornet,139,155,686,439
Cette_ruche_est_assiegee_par_des_frelons_asiatiques_1280x720_021.jpeg,1280,720,hornet,569,396,715,486
Cette_ruche_est_assiegee_par_des_frelons_asiatiques_1280x720_021.jpeg,1280,720,hornet,90,396,311,554
Abeilles_Frelons_asiatiques_devant_des_ruches_1280x720_090.jpeg,1280,720,hornet,582,356,677,463
Abeilles_Frelons_asiatiques_devant_des_ruches_1280x720_005.jpeg,1280,720,hornet,607,353,651,403
Abeilles_Frelons_asiatiques_devant_des_ruches_1280x720_005.jpeg,1280,720,bee,669,307,698,354
Abeilles_Frelons_asiatiques_devant_des_ruches_1280x720_122.jpeg,1280,720,hornet,341,284,691,522
Abeilles_contre_frelon_asiatique_640x360_035.jpeg,640,360,bee,407,225,440,245
Abeilles_contre_frelon_asiatique_640x360_035.jpeg,640,360,bee,291,249,322,267
Abeilles_contre_frelon_asiatique_640x360_035.jpeg,640,360,bee,330,218,365,233
Abeilles_contre_frelon_asiatique_640x360_035.jpeg,640,360,bee,328,240,347,260
Le_frelon_asiatique_Vespa_Velutina_devant_ma_ruche_1280x720_017.jpeg,1280,720,bee,379,309,416,349
Le_frelon_asiatique_Vespa_Velutina_devant_ma_ruche_1280x720_017.jpeg,1280,720,bee,468,367,508,417
Le_frelon_asiatique_Vespa_Velutina_devant_ma_ruche_1280x720_017.jpeg,1280,720,bee,247,360,290,408
Le_frelon_asiatique_Vespa_Velutina_devant_ma_ruche_1280x720_017.jpeg,1280,720,bee,322,341,377,382
Le_frelon_asiatique_Vespa_Velutina_devant_ma_ruche_1280x720_017.jpeg,1280,720,bee,394,380,449,420
Le_frelon_asiatique_Vespa_Velutina_devant_ma_ruche_1280x720_017.jpeg,1280,720,bee,310,530,359,570
Le_frelon_asiatique_Vespa_Velutina_devant_ma_ruche_1280x720_017.jpeg,1280,720,bee,349,444,396,502
Le_frelon_asiatique_Vespa_Velutina_devant_ma_ruche_1280x720_017.jpeg,1280,720,bee,412,431,457,483
Le_frelon_asiatique_Vespa_Velutina_devant_ma_ruche_1280x720_017.jpeg,1280,720,bee,138,595,186,652
Le_frelon_asiatique_Vespa_Velutina_devant_ma_ruche_1280x720_017.jpeg,1280,720,bee,168,457,216,502
Cette_ruche_est_assiegee_par_des_frelons_asiatiques_1280x720_043.jpeg,1280,720,hornet,449,387,615,519
Cette_ruche_est_assiegee_par_des_frelons_asiatiques_1280x720_043.jpeg,1280,720,hornet,337,353,463,529
Abeilles_Frelons_asiatiques_devant_des_ruches_1280x720_057.jpeg,1280,720,bee,493,333,533,363
Abeilles_Frelons_asiatiques_devant_des_ruches_1280x720_057.jpeg,1280,720,bee,546,405,573,426
Abeilles_Frelons_asiatiques_devant_des_ruches_1280x720_037.jpeg,1280,720,hornet,561,415,663,464
Abeilles_Frelons_asiatiques_devant_des_ruches_1280x720_142.jpeg,1280,720,hornet,239,266,546,490
ThinkstockPhotos-512572264.jpg,961,720,hornet,8,272,133,487
ThinkstockPhotos-512572264.jpg,961,720,hornet,453,297,631,456
ThinkstockPhotos-512572264.jpg,961,720,hornet,555,407,702,638
ThinkstockPhotos-512572264.jpg,961,720,hornet,226,379,432,496
ThinkstockPhotos-512572264.jpg,961,720,hornet,297,422,436,627
ThinkstockPhotos-512572264.jpg,961,720,hornet,153,352,360,472
Asian_hornet-Vespa_velutina-.jpg,1080,720,hornet,204,151,841,508
Le_frelon_asiatique_Vespa_Velutina_devant_ma_ruche_1280x720_001.jpeg,1280,720,hornet,735,547,846,618
Le_frelon_asiatique_Vespa_Velutina_devant_ma_ruche_1280x720_001.jpeg,1280,720,bee,273,462,304,498
Le_frelon_asiatique_Vespa_Velutina_devant_ma_ruche_1280x720_001.jpeg,1280,720,bee,447,522,480,550
Le_frelon_asiatique_Vespa_Velutina_devant_ma_ruche_1280x720_001.jpeg,1280,720,bee,360,454,392,489
Le_frelon_asiatique_Vespa_Velutina_devant_ma_ruche_1280x720_001.jpeg,1280,720,bee,368,528,387,554
Le_frelon_asiatique_Vespa_Velutina_devant_ma_ruche_1280x720_001.jpeg,1280,720,bee,59,641,109,675
Le_frelon_asiatique_Vespa_Velutina_devant_ma_ruche_1280x720_001.jpeg,1280,720,bee,184,600,227,632
Le_frelon_asiatique_Vespa_Velutina_devant_ma_ruche_1280x720_001.jpeg,1280,720,bee,219,499,255,535
Le_frelon_asiatique_Vespa_Velutina_devant_ma_ruche_1280x720_001.jpeg,1280,720,bee,284,590,345,636
Le_frelon_asiatique_Vespa_Velutina_devant_ma_ruche_1280x720_001.jpeg,1280,720,bee,222,685,274,709
Le_frelon_asiatique_Vespa_Velutina_devant_ma_ruche_1280x720_001.jpeg,1280,720,bee,377,611,436,649
Le_frelon_asiatique_Vespa_Velutina_devant_ma_ruche_1280x720_001.jpeg,1280,720,bee,405,568,453,595
Abeilles_contre_frelon_asiatique_640x360_040.jpeg,640,360,hornet,417,220,455,265
Abeilles_contre_frelon_asiatique_640x360_040.jpeg,640,360,bee,388,259,416,283
Abeilles_contre_frelon_asiatique_640x360_040.jpeg,640,360,bee,291,255,332,279
Abeilles_contre_frelon_asiatique_640x360_040.jpeg,640,360,bee,313,227,342,246
Abeilles_contre_frelon_asiatique_640x360_040.jpeg,640,360,bee,355,221,381,244
Abeilles_contre_frelon_asiatique_640x360_043.jpeg,640,360,bee,377,262,407,282
Abeilles_contre_frelon_asiatique_640x360_043.jpeg,640,360,bee,409,232,439,257
Abeilles_contre_frelon_asiatique_640x360_043.jpeg,640,360,bee,314,252,360,273
Abeilles_contre_frelon_asiatique_640x360_043.jpeg,640,360,bee,333,220,367,245
Abeilles_Frelons_asiatiques_devant_des_ruches_1280x720_120.jpeg,1280,720,hornet,423,275,731,503
jodaille_frelon_2018-04-27-085001.jpg,1280,720,hornet,469,270,533,321
Cette_ruche_est_assiegee_par_des_frelons_asiatiques_1280x720_019.jpeg,1280,720,hornet,581,384,715,475
Cette_ruche_est_assiegee_par_des_frelons_asiatiques_1280x720_019.jpeg,1280,720,hornet,355,516,609,639
Asian_hornet-34054657376-2-.jpg,1080,720,hornet,122,184,1012,588
Cette_ruche_est_assiegee_par_des_frelons_asiatiques_1280x720_044.jpeg,1280,720,hornet,478,405,635,514
Cette_ruche_est_assiegee_par_des_frelons_asiatiques_1280x720_044.jpeg,1280,720,hornet,359,351,508,528
Abeilles_Frelons_asiatiques_devant_des_ruches_1280x720_010.jpeg,1280,720,hornet,559,518,603,538
Le_frelon_asiatique_Vespa_Velutina_devant_ma_ruche_1280x720_020.jpeg,1280,720,bee,392,312,460,382
Le_frelon_asiatique_Vespa_Velutina_devant_ma_ruche_1280x720_020.jpeg,1280,720,bee,208,288,246,347
Le_frelon_asiatique_Vespa_Velutina_devant_ma_ruche_1280x720_020.jpeg,1280,720,bee,135,345,189,395
Le_frelon_asiatique_Vespa_Velutina_devant_ma_ruche_1280x720_020.jpeg,1280,720,bee,282,283,332,326
Le_frelon_asiatique_Vespa_Velutina_devant_ma_ruche_1280x720_020.jpeg,1280,720,bee,276,363,332,421
Vespa_velutina-Frelon_asiatique-Poitiers.jpg,1087,720,hornet,335,144,740,555
Abeilles_Frelons_asiatiques_devant_des_ruches_1280x720_038.jpeg,1280,720,hornet,637,388,741,446
Le_frelon_asiatique_Vespa_Velutina_devant_ma_ruche_1280x720_004.jpeg,1280,720,hornet,838,278,961,354
Le_frelon_asiatique_Vespa_Velutina_devant_ma_ruche_1280x720_004.jpeg,1280,720,bee,238,261,267,302
Le_frelon_asiatique_Vespa_Velutina_devant_ma_ruche_1280x720_004.jpeg,1280,720,bee,308,263,349,303
Le_frelon_asiatique_Vespa_Velutina_devant_ma_ruche_1280x720_004.jpeg,1280,720,bee,418,325,445,372
Le_frelon_asiatique_Vespa_Velutina_devant_ma_ruche_1280x720_004.jpeg,1280,720,bee,206,548,240,597
Le_frelon_asiatique_Vespa_Velutina_devant_ma_ruche_1280x720_004.jpeg,1280,720,bee,351,357,392,425
Le_frelon_asiatique_Vespa_Velutina_devant_ma_ruche_1280x720_004.jpeg,1280,720,bee,33,588,99,632
Le_frelon_asiatique_Vespa_Velutina_devant_ma_ruche_1280x720_004.jpeg,1280,720,bee,184,308,216,358
Le_frelon_asiatique_Vespa_Velutina_devant_ma_ruche_1280x720_004.jpeg,1280,720,bee,289,317,332,365
Le_frelon_asiatique_Vespa_Velutina_devant_ma_ruche_1280x720_004.jpeg,1280,720,bee,119,489,161,545
Le_frelon_asiatique_Vespa_Velutina_devant_ma_ruche_1280x720_004.jpeg,1280,720,bee,298,451,338,499
Abeilles_Frelons_asiatiques_devant_des_ruches_1280x720_018.jpeg,1280,720,hornet,749,267,788,297
jodaille_frelon_2017-06-22-134501.jpg,1280,720,bee,965,452,1002,481
jodaille_frelon_2017-06-22-134501.jpg,1280,720,hornet,1016,407,1098,470
jodaille_frelon_2017-06-22-134501.jpg,1280,720,bee,656,319,685,364
jodaille_frelon_2017-06-22-134501.jpg,1280,720,bee,773,443,812,466
jodaille_frelon_2017-06-22-134501.jpg,1280,720,bee,835,432,875,467
jodaille_frelon_2017-06-22-134501.jpg,1280,720,bee,699,470,757,500
jodaille_frelon_2017-06-22-134501.jpg,1280,720,bee,785,475,809,509
jodaille_frelon_2017-06-22-134501.jpg,1280,720,bee,933,433,959,469
jodaille_frelon_2017-06-22-134501.jpg,1280,720,bee,822,465,883,504
jodaille_frelon_2017-06-22-134501.jpg,1280,720,bee,646,525,676,566
Cette_ruche_est_assiegee_par_des_frelons_asiatiques_1280x720_018.jpeg,1280,720,hornet,618,392,745,481
Cette_ruche_est_assiegee_par_des_frelons_asiatiques_1280x720_018.jpeg,1280,720,hornet,500,410,630,619
Abeilles_Frelons_asiatiques_devant_des_ruches_1280x720_124.jpeg,1280,720,hornet,372,235,705,462
Abeilles_Frelons_asiatiques_devant_des_ruches_1280x720_114.jpeg,1280,720,hornet,392,274,740,545
Abeilles_Frelons_asiatiques_devant_des_ruches_1280x720_056.jpeg,1280,720,hornet,582,449,622,481
Abeilles_contre_frelon_asiatique_640x360_041.jpeg,640,360,hornet,481,114,529,168
Abeilles_contre_frelon_asiatique_640x360_041.jpeg,640,360,bee,421,234,456,254
Abeilles_contre_frelon_asiatique_640x360_041.jpeg,640,360,bee,305,249,342,275
Abeilles_contre_frelon_asiatique_640x360_041.jpeg,640,360,bee,385,263,423,283
Abeilles_contre_frelon_asiatique_640x360_041.jpeg,640,360,bee,379,231,415,249
Abeilles_contre_frelon_asiatique_640x360_041.jpeg,640,360,bee,343,237,371,257
Abeilles_Frelons_asiatiques_devant_des_ruches_1280x720_021.jpeg,1280,720,hornet,584,391,638,430
Abeilles_Frelons_asiatiques_devant_des_ruches_1280x720_108.jpeg,1280,720,hornet,442,404,791,646
Abeilles_Frelons_asiatiques_devant_des_ruches_1280x720_044.jpeg,1280,720,hornet,567,571,619,625
poste-a-l-entree-de-la-ruche-le-frelon-asiatique-attrape-des-abeilles-ouvrieres-au-retour-de-la-recolte-quentin-rome-mnhn-1471896476.jpg,1280,561,hornet,195,48,469,215
poste-a-l-entree-de-la-ruche-le-frelon-asiatique-attrape-des-abeilles-ouvrieres-au-retour-de-la-recolte-quentin-rome-mnhn-1471896476.jpg,1280,561,bee,1061,259,1187,326
poste-a-l-entree-de-la-ruche-le-frelon-asiatique-attrape-des-abeilles-ouvrieres-au-retour-de-la-recolte-quentin-rome-mnhn-1471896476.jpg,1280,561,bee,827,417,884,544
poste-a-l-entree-de-la-ruche-le-frelon-asiatique-attrape-des-abeilles-ouvrieres-au-retour-de-la-recolte-quentin-rome-mnhn-1471896476.jpg,1280,561,bee,900,264,1037,337
poste-a-l-entree-de-la-ruche-le-frelon-asiatique-attrape-des-abeilles-ouvrieres-au-retour-de-la-recolte-quentin-rome-mnhn-1471896476.jpg,1280,561,bee,857,251,969,321
poste-a-l-entree-de-la-ruche-le-frelon-asiatique-attrape-des-abeilles-ouvrieres-au-retour-de-la-recolte-quentin-rome-mnhn-1471896476.jpg,1280,561,bee,940,389,1046,455
poste-a-l-entree-de-la-ruche-le-frelon-asiatique-attrape-des-abeilles-ouvrieres-au-retour-de-la-recolte-quentin-rome-mnhn-1471896476.jpg,1280,561,bee,871,345,981,388
Abeilles_Frelons_asiatiques_devant_des_ruches_1280x720_069.jpeg,1280,720,hornet,566,328,625,361
Cette_ruche_est_assiegee_par_des_frelons_asiatiques_1280x720_032.jpeg,1280,720,hornet,423,398,666,582
Cette_ruche_est_assiegee_par_des_frelons_asiatiques_1280x720_032.jpeg,1280,720,hornet,408,301,546,436
Abeilles_Frelons_asiatiques_devant_des_ruches_1280x720_129.jpeg,1280,720,hornet,426,111,685,333
Abeilles_contre_frelon_asiatique_640x360_058.jpeg,640,360,hornet,449,141,488,207
Abeilles_contre_frelon_asiatique_640x360_058.jpeg,640,360,bee,364,240,395,264
Abeilles_contre_frelon_asiatique_640x360_058.jpeg,640,360,bee,437,230,461,264
Abeilles_Frelons_asiatiques_devant_des_ruches_1280x720_101.jpeg,1280,720,hornet,510,446,784,607
jodaille_frelon_2018-04-24-182801.jpg,1280,720,hornet,583,137,651,196
image_depeche.jpg,885,500,hornet,97,169,242,246
image_depeche.jpg,885,500,bee,467,181,574,238
image_depeche.jpg,885,500,bee,459,252,569,299
image_depeche.jpg,885,500,bee,703,178,778,219
image_depeche.jpg,885,500,bee,651,314,733,369
image_depeche.jpg,885,500,bee,601,291,666,356
image_depeche.jpg,885,500,bee,618,229,710,280
jodaille_frelon_2017-06-13-160901.jpg,1280,720,hornet,1139,364,1210,419
jodaille_frelon_2017-06-13-160901.jpg,1280,720,bee,590,189,623,219
jodaille_frelon_2017-06-13-160901.jpg,1280,720,bee,450,340,480,374
jodaille_frelon_2017-06-13-160901.jpg,1280,720,bee,455,526,502,552
jodaille_frelon_2017-06-13-160901.jpg,1280,720,bee,492,512,527,540
jodaille_frelon_2017-06-13-160901.jpg,1280,720,bee,685,417,718,454
jodaille_frelon_2017-06-13-160901.jpg,1280,720,bee,545,501,583,527
jodaille_frelon_2017-06-13-160901.jpg,1280,720,bee,762,418,794,469
jodaille_frelon_2017-06-13-160901.jpg,1280,720,bee,792,381,822,404
jodaille_frelon_2017-06-13-160901.jpg,1280,720,bee,737,381,766,409
jodaille_frelon_2017-06-13-160901.jpg,1280,720,bee,834,427,868,453
jodaille_frelon_2017-06-13-160901.jpg,1280,720,bee,883,428,908,467
jodaille_frelon_2017-06-13-160901.jpg,1280,720,bee,816,458,892,509
jodaille_frelon_2017-06-13-160901.jpg,1280,720,bee,735,484,760,512
jodaille_frelon_2017-06-13-160901.jpg,1280,720,bee,638,439,675,494
jodaille_frelon_2017-06-13-160901.jpg,1280,720,bee,980,445,1028,477
Abeilles_Frelons_asiatiques_devant_des_ruches_1280x720_133.jpeg,1280,720,hornet,514,393,796,576
Vespa_velutina_front.jpg,908,720,hornet,199,104,876,588
jodaille_frelon_2017-06-18-143402.jpg,1280,720,hornet,1215,386,1273,443
jodaille_frelon_2017-06-18-143402.jpg,1280,720,bee,789,311,818,347
jodaille_frelon_2017-06-18-143402.jpg,1280,720,bee,805,362,830,392
jodaille_frelon_2017-06-18-143402.jpg,1280,720,bee,619,397,653,436
jodaille_frelon_2017-06-18-143402.jpg,1280,720,bee,661,440,706,473
jodaille_frelon_2017-06-18-143402.jpg,1280,720,bee,812,477,856,503
jodaille_frelon_2017-06-18-143402.jpg,1280,720,bee,926,468,966,492
jodaille_frelon_2017-06-18-143402.jpg,1280,720,bee,909,417,948,438
jodaille_frelon_2017-06-18-143402.jpg,1280,720,bee,739,491,768,516
jodaille_frelon_2017-06-18-143402.jpg,1280,720,bee,630,455,656,477
jodaille_frelon_2017-06-18-143402.jpg,1280,720,bee,807,396,839,421
jodaille_frelon_2017-06-18-143402.jpg,1280,720,bee,880,437,913,462
jodaille_frelon_2017-06-18-143402.jpg,1280,720,bee,904,485,939,508
jodaille_frelon_2017-06-18-143402.jpg,1280,720,bee,903,465,926,492
jodaille_frelon_2017-06-18-143402.jpg,1280,720,bee,972,452,1000,487
Abeilles_Frelons_asiatiques_devant_des_ruches_1280x720_123.jpeg,1280,720,hornet,415,189,732,414
Abeilles_contre_frelon_asiatique_640x360_053.jpeg,640,360,bee,419,232,445,246
Abeilles_contre_frelon_asiatique_640x360_053.jpeg,640,360,bee,332,236,352,260
Abeilles_contre_frelon_asiatique_640x360_053.jpeg,640,360,bee,354,243,377,261
Abeilles_contre_frelon_asiatique_640x360_053.jpeg,640,360,bee,373,240,393,269
Abeilles_contre_frelon_asiatique_640x360_053.jpeg,640,360,bee,293,216,314,243
Abeilles_contre_frelon_asiatique_640x360_053.jpeg,640,360,bee,318,210,336,245
Abeilles_contre_frelon_asiatique_640x360_053.jpeg,640,360,bee,354,206,379,228
Abeilles_contre_frelon_asiatique_640x360_053.jpeg,640,360,bee,404,248,434,271
jodaille_frelon_2017-05-02-190901.jpg,1280,720,hornet,335,434,432,526
jodaille_frelon_2017-05-02-190901.jpg,1280,720,bee,731,493,767,530
jodaille_frelon_2017-05-02-190901.jpg,1280,720,bee,237,397,274,428
Abeilles_contre_frelon_asiatique_640x360_023.jpeg,640,360,bee,291,312,313,337
Abeilles_contre_frelon_asiatique_640x360_023.jpeg,640,360,bee,392,310,418,328
Abeilles_contre_frelon_asiatique_640x360_023.jpeg,640,360,bee,324,319,349,341
Abeilles_contre_frelon_asiatique_640x360_033.jpeg,640,360,bee,402,236,435,254
Abeilles_contre_frelon_asiatique_640x360_033.jpeg,640,360,bee,300,257,322,276
Abeilles_contre_frelon_asiatique_640x360_033.jpeg,640,360,bee,329,216,350,236
Abeilles_contre_frelon_asiatique_640x360_033.jpeg,640,360,bee,361,240,392,259
Abeilles_contre_frelon_asiatique_640x360_033.jpeg,640,360,bee,330,247,354,273
jodaille_frelon_2017-06-14-103301.jpg,1280,720,bee,646,372,691,407
jodaille_frelon_2017-06-14-103301.jpg,1280,720,hornet,1192,484,1256,561
jodaille_frelon_2017-06-14-103301.jpg,1280,720,bee,740,311,779,352
jodaille_frelon_2017-06-14-103301.jpg,1280,720,bee,890,353,918,391
jodaille_frelon_2017-06-14-103301.jpg,1280,720,bee,599,173,631,220
jodaille_frelon_2017-06-14-103301.jpg,1280,720,bee,669,68,700,103
jodaille_frelon_2017-06-14-103301.jpg,1280,720,bee,650,415,692,453
jodaille_frelon_2017-06-14-103301.jpg,1280,720,bee,702,396,738,433
jodaille_frelon_2017-06-14-103301.jpg,1280,720,bee,582,494,616,519
jodaille_frelon_2017-06-14-103301.jpg,1280,720,bee,565,535,606,560
jodaille_frelon_2017-06-14-103301.jpg,1280,720,bee,646,574,676,615
jodaille_frelon_2017-06-14-103301.jpg,1280,720,bee,811,435,843,474
jodaille_frelon_2017-06-14-103301.jpg,1280,720,bee,767,415,795,450
jodaille_frelon_2017-06-14-103301.jpg,1280,720,bee,663,507,693,530
jodaille_frelon_2017-06-14-103301.jpg,1280,720,bee,633,483,670,509
jodaille_frelon_2017-06-14-103301.jpg,1280,720,bee,937,418,966,455
jodaille_frelon_2017-06-14-103301.jpg,1280,720,bee,858,399,893,433
jodaille_frelon_2017-06-14-103301.jpg,1280,720,bee,1058,290,1088,323
jodaille_frelon_2017-06-14-103301.jpg,1280,720,bee,1029,418,1068,456
jodaille_frelon_2017-06-14-103301.jpg,1280,720,bee,864,468,905,501
jodaille_frelon_2017-05-28-082101.jpg,1280,720,hornet,135,473,197,536
jodaille_frelon_2017-05-28-082101.jpg,1280,720,bee,883,577,914,620
jodaille_frelon_2017-05-28-082101.jpg,1280,720,bee,837,395,871,437
jodaille_frelon_2017-05-28-082101.jpg,1280,720,bee,695,471,721,505
jodaille_frelon_2017-05-28-082101.jpg,1280,720,bee,752,454,777,498
jodaille_frelon_2017-05-28-082101.jpg,1280,720,bee,542,505,584,534
jodaille_frelon_2017-05-28-082101.jpg,1280,720,bee,636,491,669,529
Abeilles_contre_frelon_asiatique_640x360_020.jpeg,640,360,hornet,406,322,463,360
Abeilles_contre_frelon_asiatique_640x360_020.jpeg,640,360,bee,289,295,321,320
Abeilles_contre_frelon_asiatique_640x360_020.jpeg,640,360,bee,403,276,428,298
Abeilles_contre_frelon_asiatique_640x360_020.jpeg,640,360,bee,321,269,351,286
Abeilles_contre_frelon_asiatique_640x360_020.jpeg,640,360,bee,353,294,380,312
Abeilles_Frelons_asiatiques_devant_des_ruches_1280x720_034.jpeg,1280,720,bee,751,438,774,471
Cette_ruche_est_assiegee_par_des_frelons_asiatiques_1280x720_006.jpeg,1280,720,hornet,515,242,669,389
Abeilles_contre_frelon_asiatique_640x360_015.jpeg,640,360,bee,397,243,431,268
Abeilles_contre_frelon_asiatique_640x360_015.jpeg,640,360,bee,287,268,311,290
Abeilles_contre_frelon_asiatique_640x360_015.jpeg,640,360,bee,330,229,355,245
Abeilles_contre_frelon_asiatique_640x360_015.jpeg,640,360,bee,333,258,366,281
Abeilles_Frelons_asiatiques_devant_des_ruches_1280x720_118.jpeg,1280,720,hornet,357,339,685,599
Asian_predatory_wasp-Vespa_velutina_var._nigrithorax-.jpg,1080,720,hornet,366,282,638,445
jodaille_frelon_2017-06-18-083501.jpg,1280,720,bee,737,388,776,414
jodaille_frelon_2017-06-18-083501.jpg,1280,720,hornet,1228,329,1280,379
jodaille_frelon_2017-06-18-083501.jpg,1280,720,bee,963,357,996,401
jodaille_frelon_2017-06-18-083501.jpg,1280,720,bee,854,368,883,401
jodaille_frelon_2017-06-18-083501.jpg,1280,720,bee,880,470,918,491
jodaille_frelon_2017-06-18-083501.jpg,1280,720,bee,901,458,952,482
jodaille_frelon_2017-06-18-083501.jpg,1280,720,bee,824,483,863,515
jodaille_frelon_2017-06-18-083501.jpg,1280,720,bee,710,420,739,458
jodaille_frelon_2017-06-18-083501.jpg,1280,720,bee,771,425,794,462
jodaille_frelon_2017-06-18-083501.jpg,1280,720,bee,618,458,662,481
jodaille_frelon_2017-06-18-083501.jpg,1280,720,bee,673,458,697,482
jodaille_frelon_2017-06-18-083501.jpg,1280,720,bee,740,499,794,527
jodaille_frelon_2017-06-18-083501.jpg,1280,720,bee,791,437,824,474
MO4AVAMFWEA7K7H7Q6TBBB5YME.jpg,1254,720,hornet,165,283,379,431
MO4AVAMFWEA7K7H7Q6TBBB5YME.jpg,1254,720,bee,944,368,1043,443
MO4AVAMFWEA7K7H7Q6TBBB5YME.jpg,1254,720,bee,886,400,984,453
MO4AVAMFWEA7K7H7Q6TBBB5YME.jpg,1254,720,bee,884,447,989,524
Abeilles_Frelons_asiatiques_devant_des_ruches_1280x720_134.jpeg,1280,720,hornet,298,368,619,567
BEE-CHANGE-39v33r5evrrdc7rliyaqrk.jpg,1024,607,bee,124,131,683,498
VES_Vespa_velutina_1bis.jpg,500,427,hornet,35,38,467,393
Abeilles_contre_frelon_asiatique_640x360_027.jpeg,640,360,hornet,369,320,425,360
Abeilles_contre_frelon_asiatique_640x360_027.jpeg,640,360,bee,417,244,455,264
Abeilles_contre_frelon_asiatique_640x360_027.jpeg,640,360,bee,375,242,398,275
Abeilles_contre_frelon_asiatique_640x360_027.jpeg,640,360,bee,319,247,353,266
Asian_hornet-33965402201-2-.jpg,1080,720,hornet,148,264,904,611
Cette_ruche_est_assiegee_par_des_frelons_asiatiques_1280x720_016.jpeg,1280,720,hornet,578,378,726,463
Cette_ruche_est_assiegee_par_des_frelons_asiatiques_1280x720_016.jpeg,1280,720,hornet,480,397,612,569
37500094791_1b249c6464_b.jpg,1024,683,hornet,146,252,421,601
37500094791_1b249c6464_b.jpg,1024,683,bee,849,174,977,351
37500094791_1b249c6464_b.jpg,1024,683,bee,560,178,694,280
37500094791_1b249c6464_b.jpg,1024,683,bee,448,161,573,269
37500094791_1b249c6464_b.jpg,1024,683,bee,514,80,640,151
37500094791_1b249c6464_b.jpg,1024,683,bee,778,71,887,249
37500094791_1b249c6464_b.jpg,1024,683,bee,883,19,987,147
37500094791_1b249c6464_b.jpg,1024,683,bee,714,12,809,124
37500094791_1b249c6464_b.jpg,1024,683,bee,639,48,731,146
Le_frelon_asiatique_Vespa_Velutina_devant_ma_ruche_1280x720_016.jpeg,1280,720,hornet,665,393,790,532
Le_frelon_asiatique_Vespa_Velutina_devant_ma_ruche_1280x720_016.jpeg,1280,720,bee,382,307,402,343
Le_frelon_asiatique_Vespa_Velutina_devant_ma_ruche_1280x720_016.jpeg,1280,720,bee,481,378,521,432
Le_frelon_asiatique_Vespa_Velutina_devant_ma_ruche_1280x720_016.jpeg,1280,720,bee,235,359,281,417
Le_frelon_asiatique_Vespa_Velutina_devant_ma_ruche_1280x720_016.jpeg,1280,720,bee,390,410,439,462
Le_frelon_asiatique_Vespa_Velutina_devant_ma_ruche_1280x720_016.jpeg,1280,720,bee,197,652,254,684
Le_frelon_asiatique_Vespa_Velutina_devant_ma_ruche_1280x720_016.jpeg,1280,720,bee,316,396,367,452
Le_frelon_asiatique_Vespa_Velutina_devant_ma_ruche_1280x720_016.jpeg,1280,720,bee,346,461,408,502
Abeilles_contre_frelon_asiatique_640x360_031.jpeg,640,360,bee,392,228,431,251
Abeilles_contre_frelon_asiatique_640x360_031.jpeg,640,360,bee,322,225,357,250
Abeilles_contre_frelon_asiatique_640x360_031.jpeg,640,360,bee,317,255,344,272
Abeilles_contre_frelon_asiatique_640x360_031.jpeg,640,360,bee,363,229,389,253
Abeilles_contre_frelon_asiatique_640x360_031.jpeg,640,360,bee,295,243,317,265
Le_frelon_asiatique_Vespa_Velutina_devant_ma_ruche_1280x720_003.jpeg,1280,720,hornet,794,363,943,429
Le_frelon_asiatique_Vespa_Velutina_devant_ma_ruche_1280x720_003.jpeg,1280,720,bee,441,381,473,424
Le_frelon_asiatique_Vespa_Velutina_devant_ma_ruche_1280x720_003.jpeg,1280,720,bee,324,324,370,362
Le_frelon_asiatique_Vespa_Velutina_devant_ma_ruche_1280x720_003.jpeg,1280,720,bee,261,326,302,361
Le_frelon_asiatique_Vespa_Velutina_devant_ma_ruche_1280x720_003.jpeg,1280,720,bee,208,368,241,410
Le_frelon_asiatique_Vespa_Velutina_devant_ma_ruche_1280x720_003.jpeg,1280,720,bee,350,428,392,477
Le_frelon_asiatique_Vespa_Velutina_devant_ma_ruche_1280x720_003.jpeg,1280,720,bee,231,591,272,633
Le_frelon_asiatique_Vespa_Velutina_devant_ma_ruche_1280x720_003.jpeg,1280,720,bee,94,555,143,621
Le_frelon_asiatique_Vespa_Velutina_devant_ma_ruche_1280x720_003.jpeg,1280,720,bee,123,482,168,534
Le_frelon_asiatique_Vespa_Velutina_devant_ma_ruche_1280x720_003.jpeg,1280,720,bee,177,527,229,585
Abeilles_Frelons_asiatiques_devant_des_ruches_1280x720_031.jpeg,1280,720,hornet,721,419,791,481
Abeilles_Frelons_asiatiques_devant_des_ruches_1280x720_144.jpeg,1280,720,hornet,357,267,584,491
Cette_ruche_est_assiegee_par_des_frelons_asiatiques_1280x720_037.jpeg,1280,720,hornet,510,344,615,477
Cette_ruche_est_assiegee_par_des_frelons_asiatiques_1280x720_037.jpeg,1280,720,hornet,343,331,507,481
Abeilles_Frelons_asiatiques_devant_des_ruches_1280x720_061.jpeg,1280,720,bee,700,355,743,381
Abeilles_contre_frelon_asiatique_640x360_014.jpeg,640,360,hornet,328,312,395,357
Abeilles_contre_frelon_asiatique_640x360_014.jpeg,640,360,bee,288,255,310,278
Abeilles_contre_frelon_asiatique_640x360_014.jpeg,640,360,bee,424,235,443,265
Abeilles_contre_frelon_asiatique_640x360_014.jpeg,640,360,bee,321,212,351,237
Abeilles_contre_frelon_asiatique_640x360_014.jpeg,640,360,bee,367,236,410,262
Abeilles_contre_frelon_asiatique_640x360_014.jpeg,640,360,bee,325,245,354,275
jodaille_frelon_2017-05-30-144001.jpg,1280,720,bee,877,495,925,525
jodaille_frelon_2017-05-30-144001.jpg,1280,720,hornet,253,570,325,611
jodaille_frelon_2017-05-30-144001.jpg,1280,720,bee,735,472,762,501
jodaille_frelon_2017-05-30-144001.jpg,1280,720,bee,678,522,715,551
jodaille_frelon_2017-05-30-144001.jpg,1280,720,bee,625,513,655,534
jodaille_frelon_2017-05-30-144001.jpg,1280,720,bee,785,507,819,537
Cette_ruche_est_assiegee_par_des_frelons_asiatiques_1280x720_040.jpeg,1280,720,hornet,471,368,597,501
Cette_ruche_est_assiegee_par_des_frelons_asiatiques_1280x720_040.jpeg,1280,720,hornet,352,363,480,497
Abeilles_contre_frelon_asiatique_640x360_018.jpeg,640,360,hornet,423,238,473,270
Abeilles_contre_frelon_asiatique_640x360_018.jpeg,640,360,bee,295,285,328,306
Abeilles_contre_frelon_asiatique_640x360_018.jpeg,640,360,bee,329,251,362,275
Abeilles_contre_frelon_asiatique_640x360_018.jpeg,640,360,bee,378,272,403,294
Abeilles_contre_frelon_asiatique_640x360_034.jpeg,640,360,bee,403,244,438,260
Abeilles_contre_frelon_asiatique_640x360_034.jpeg,640,360,bee,295,259,323,280
Abeilles_contre_frelon_asiatique_640x360_034.jpeg,640,360,bee,324,225,346,249
Abeilles_contre_frelon_asiatique_640x360_034.jpeg,640,360,bee,378,235,399,254
Abeilles_contre_frelon_asiatique_640x360_034.jpeg,640,360,bee,357,235,377,258
jodaille_frelon_2017-06-22-132801.jpg,1280,720,hornet,1100,481,1170,529
jodaille_frelon_2017-06-22-132801.jpg,1280,720,bee,833,404,865,437
jodaille_frelon_2017-06-22-132801.jpg,1280,720,bee,994,488,1025,522
jodaille_frelon_2017-06-22-132801.jpg,1280,720,bee,667,477,709,518
jodaille_frelon_2017-06-22-132801.jpg,1280,720,bee,793,441,838,478
jodaille_frelon_2017-06-22-132801.jpg,1280,720,bee,812,488,850,510
jodaille_frelon_2017-06-22-132801.jpg,1280,720,bee,863,456,908,485
jodaille_frelon_2017-06-22-132801.jpg,1280,720,bee,952,436,979,474
jodaille_frelon_2017-06-22-132801.jpg,1280,720,bee,909,433,938,467
jodaille_frelon_2017-06-22-132801.jpg,1280,720,bee,901,464,939,492
jodaille_frelon_2017-05-04-151701.jpg,1280,720,bee,682,564,718,586
jodaille_frelon_2017-05-04-151701.jpg,1280,720,bee,691,409,720,443
jodaille_frelon_2017-05-04-151701.jpg,1280,720,hornet,360,533,426,597
jodaille_frelon_2017-05-04-151701.jpg,1280,720,bee,602,299,645,338
jodaille_frelon_2017-05-04-151701.jpg,1280,720,bee,545,454,570,486
jodaille_frelon_2017-05-04-151701.jpg,1280,720,bee,579,465,606,503
jodaille_frelon_2017-05-04-151701.jpg,1280,720,bee,645,448,679,476
jodaille_frelon_2017-05-04-151701.jpg,1280,720,bee,726,437,757,466
jodaille_frelon_2017-05-04-151701.jpg,1280,720,bee,776,434,811,469
jodaille_frelon_2017-05-04-151701.jpg,1280,720,bee,568,524,606,555
jodaille_frelon_2017-05-04-151701.jpg,1280,720,bee,541,491,574,527
jodaille_frelon_2017-05-04-151701.jpg,1280,720,bee,628,510,658,549
jodaille_frelon_2017-05-04-151701.jpg,1280,720,bee,728,483,759,516
jodaille_frelon_2017-05-04-151701.jpg,1280,720,bee,757,521,788,548
jodaille_frelon_2017-05-04-151701.jpg,1280,720,bee,772,553,807,577
jodaille_frelon_2017-05-04-151701.jpg,1280,720,bee,559,568,585,595
jodaille_frelon_2017-05-04-151701.jpg,1280,720,bee,516,557,553,579
Cette_ruche_est_assiegee_par_des_frelons_asiatiques_1280x720_001.jpeg,1280,720,hornet,512,310,631,476
Cette_ruche_est_assiegee_par_des_frelons_asiatiques_1280x720_001.jpeg,1280,720,hornet,656,300,837,399
Cette_ruche_est_assiegee_par_des_frelons_asiatiques_1280x720_001.jpeg,1280,720,hornet,568,236,657,306
144936127.RH6odkMF.ApismelliferaetVespavelutina7431.jpg,800,568,hornet,504,55,685,174
144936127.RH6odkMF.ApismelliferaetVespavelutina7431.jpg,800,568,bee,429,386,485,460
144936127.RH6odkMF.ApismelliferaetVespavelutina7431.jpg,800,568,bee,347,356,424,434
144936127.RH6odkMF.ApismelliferaetVespavelutina7431.jpg,800,568,bee,444,337,525,395
144936127.RH6odkMF.ApismelliferaetVespavelutina7431.jpg,800,568,bee,279,324,337,361
144936127.RH6odkMF.ApismelliferaetVespavelutina7431.jpg,800,568,bee,154,308,206,352
144936127.RH6odkMF.ApismelliferaetVespavelutina7431.jpg,800,568,bee,39,317,110,367
144936127.RH6odkMF.ApismelliferaetVespavelutina7431.jpg,800,568,bee,198,368,249,440
144936127.RH6odkMF.ApismelliferaetVespavelutina7431.jpg,800,568,bee,218,315,264,355
144936127.RH6odkMF.ApismelliferaetVespavelutina7431.jpg,800,568,bee,324,302,374,338
144936127.RH6odkMF.ApismelliferaetVespavelutina7431.jpg,800,568,bee,464,312,538,350
Abeilles_Frelons_asiatiques_devant_des_ruches_1280x720_091.jpeg,1280,720,hornet,567,400,705,442
Abeilles_contre_frelon_asiatique_640x360_011.jpeg,640,360,bee,390,198,425,219
Abeilles_contre_frelon_asiatique_640x360_011.jpeg,640,360,bee,267,221,292,246
Abeilles_contre_frelon_asiatique_640x360_011.jpeg,640,360,bee,321,193,354,214
Abeilles_contre_frelon_asiatique_640x360_011.jpeg,640,360,bee,309,220,342,240
Abeilles_contre_frelon_asiatique_640x360_011.jpeg,640,360,bee,362,201,384,223
Le_frelon_asiatique_Vespa_Velutina_devant_ma_ruche_1280x720_012.jpeg,1280,720,hornet,811,188,940,290
Le_frelon_asiatique_Vespa_Velutina_devant_ma_ruche_1280x720_012.jpeg,1280,720,bee,451,398,486,440
Le_frelon_asiatique_Vespa_Velutina_devant_ma_ruche_1280x720_012.jpeg,1280,720,bee,355,329,386,368
Le_frelon_asiatique_Vespa_Velutina_devant_ma_ruche_1280x720_012.jpeg,1280,720,bee,230,385,262,420
Le_frelon_asiatique_Vespa_Velutina_devant_ma_ruche_1280x720_012.jpeg,1280,720,bee,206,396,242,435
Le_frelon_asiatique_Vespa_Velutina_devant_ma_ruche_1280x720_012.jpeg,1280,720,bee,402,434,448,492
Le_frelon_asiatique_Vespa_Velutina_devant_ma_ruche_1280x720_012.jpeg,1280,720,bee,120,637,182,694
Le_frelon_asiatique_Vespa_Velutina_devant_ma_ruche_1280x720_012.jpeg,1280,720,bee,349,390,398,439
Le_frelon_asiatique_Vespa_Velutina_devant_ma_ruche_1280x720_012.jpeg,1280,720,bee,303,362,340,410
Cette_ruche_est_assiegee_par_des_frelons_asiatiques_1280x720_025.jpeg,1280,720,hornet,271,490,475,653
Cette_ruche_est_assiegee_par_des_frelons_asiatiques_1280x720_025.jpeg,1280,720,hornet,390,398,589,536
Abeilles_Frelons_asiatiques_devant_des_ruches_1280x720_105.jpeg,1280,720,hornet,325,187,676,429
jodaille_frelon_2017-06-22-132701.jpg,1280,720,bee,705,452,734,481
jodaille_frelon_2017-06-22-132701.jpg,1280,720,hornet,987,343,1052,398
jodaille_frelon_2017-06-22-132701.jpg,1280,720,bee,980,397,1022,423
jodaille_frelon_2017-06-22-132701.jpg,1280,720,bee,773,431,803,473
jodaille_frelon_2017-06-22-132701.jpg,1280,720,bee,741,502,783,525
jodaille_frelon_2017-06-22-132701.jpg,1280,720,bee,913,437,937,469
jodaille_frelon_2017-06-22-132701.jpg,1280,720,bee,826,442,873,468
jodaille_frelon_2017-06-22-132701.jpg,1280,720,bee,817,476,847,499
jodaille_frelon_2017-06-22-132701.jpg,1280,720,bee,948,437,990,470
jodaille_frelon_2017-06-22-132701.jpg,1280,720,bee,888,429,919,464
jodaille_frelon_2017-06-22-132701.jpg,1280,720,bee,875,470,911,493
jodaille_frelon_2017-04-28-143601.jpg,1280,720,bee,803,613,836,638
jodaille_frelon_2017-04-28-143601.jpg,1280,720,bee,583,341,610,375
jodaille_frelon_2017-04-28-143601.jpg,1280,720,hornet,349,463,406,525
jodaille_frelon_2017-04-28-143601.jpg,1280,720,bee,571,572,597,600
jodaille_frelon_2017-04-28-143601.jpg,1280,720,bee,556,448,581,484
jodaille_frelon_2017-04-28-143601.jpg,1280,720,bee,605,483,637,515
jodaille_frelon_2017-04-28-143601.jpg,1280,720,bee,657,467,698,496
jodaille_frelon_2017-04-28-143601.jpg,1280,720,bee,324,582,363,610
jodaille_frelon_2017-04-28-143601.jpg,1280,720,bee,789,509,820,544
jodaille_frelon_2017-04-28-143601.jpg,1280,720,bee,906,480,938,515
jodaille_frelon_2017-04-28-143601.jpg,1280,720,bee,679,534,709,561
jodaille_frelon_2017-04-28-143601.jpg,1280,720,bee,730,485,761,525
jodaille_frelon_2017-04-28-143601.jpg,1280,720,bee,685,431,722,472
jodaille_frelon_2017-04-28-143601.jpg,1280,720,bee,660,513,696,536
jodaille_frelon_2017-04-28-143601.jpg,1280,720,bee,827,478,858,508
jodaille_frelon_2018-04-25-171101.jpg,1280,720,hornet,694,454,751,512
Abeilles_Frelons_asiatiques_devant_des_ruches_1280x720_145.jpeg,1280,720,hornet,331,263,579,498
5f2e8fb6fc_70008_b104-500.jpg,500,375,hornet,212,173,283,296
5f2e8fb6fc_70008_b104-500.jpg,500,375,bee,167,146,202,186
5f2e8fb6fc_70008_b104-500.jpg,500,375,bee,333,118,362,155
5f2e8fb6fc_70008_b104-500.jpg,500,375,bee,224,138,249,158
5f2e8fb6fc_70008_b104-500.jpg,500,375,bee,282,125,305,150
Le_frelon_asiatique_Vespa_Velutina_devant_ma_ruche_1280x720_002.jpeg,1280,720,hornet,743,532,852,607
Le_frelon_asiatique_Vespa_Velutina_devant_ma_ruche_1280x720_002.jpeg,1280,720,bee,266,459,314,491
Le_frelon_asiatique_Vespa_Velutina_devant_ma_ruche_1280x720_002.jpeg,1280,720,bee,450,510,492,550
Le_frelon_asiatique_Vespa_Velutina_devant_ma_ruche_1280x720_002.jpeg,1280,720,bee,359,447,384,485
Le_frelon_asiatique_Vespa_Velutina_devant_ma_ruche_1280x720_002.jpeg,1280,720,bee,126,625,161,671
Le_frelon_asiatique_Vespa_Velutina_devant_ma_ruche_1280x720_002.jpeg,1280,720,bee,401,547,431,597
Le_frelon_asiatique_Vespa_Velutina_devant_ma_ruche_1280x720_002.jpeg,1280,720,bee,285,599,360,633
Le_frelon_asiatique_Vespa_Velutina_devant_ma_ruche_1280x720_002.jpeg,1280,720,bee,222,486,250,541
Abeilles_Frelons_asiatiques_devant_des_ruches_1280x720_140.jpeg,1280,720,hornet,435,393,790,644
abeille-defense-nb2.jpg,500,375,hornet,167,88,269,165
abeille-defense-nb2.jpg,500,375,bee,258,186,343,239
abeille-defense-nb2.jpg,500,375,bee,256,256,335,314
abeille-defense-nb2.jpg,500,375,bee,358,188,435,242
abeille-defense-nb2.jpg,500,375,bee,371,263,449,318
abeille-defense-nb2.jpg,500,375,bee,373,230,443,286
abeille-defense-nb2.jpg,500,375,bee,424,201,480,245
abeille-defense-nb2.jpg,500,375,bee,418,171,492,205
Vespa_velutina_side.jpg,1113,720,hornet,252,78,1049,540
jodaille_frelon_2017-06-13-135201.jpg,1280,720,hornet,1158,413,1224,469
jodaille_frelon_2017-06-13-135201.jpg,1280,720,bee,581,467,606,495
jodaille_frelon_2017-06-13-135201.jpg,1280,720,bee,649,454,671,483
jodaille_frelon_2017-06-13-135201.jpg,1280,720,bee,832,471,849,498
jodaille_frelon_2017-06-13-135201.jpg,1280,720,bee,643,486,673,506
jodaille_frelon_2017-06-13-135201.jpg,1280,720,bee,705,445,785,486
frelon_couv-3758883.jpg,1200,675,hornet,471,125,763,395
Abeilles_contre_frelon_asiatique_640x360_060.jpeg,640,360,hornet,407,211,437,258
Abeilles_contre_frelon_asiatique_640x360_060.jpeg,640,360,bee,430,293,455,312
Abeilles_contre_frelon_asiatique_640x360_060.jpeg,640,360,bee,441,263,461,290
Abeilles_contre_frelon_asiatique_640x360_060.jpeg,640,360,bee,341,242,373,262
Abeilles_contre_frelon_asiatique_640x360_060.jpeg,640,360,bee,325,194,343,226
Abeilles_contre_frelon_asiatique_640x360_060.jpeg,640,360,bee,346,197,367,224
Abeilles_contre_frelon_asiatique_640x360_060.jpeg,640,360,bee,298,216,316,238
Abeilles_Frelons_asiatiques_devant_des_ruches_1280x720_141.jpeg,1280,720,hornet,415,338,787,583
jodaille_frelon_2017-06-22-105601.jpg,1280,720,bee,522,440,560,473
jodaille_frelon_2017-06-22-105601.jpg,1280,720,hornet,1092,383,1159,432
jodaille_frelon_2017-06-22-105601.jpg,1280,720,bee,598,465,631,486
jodaille_frelon_2017-06-22-105601.jpg,1280,720,bee,748,500,782,521
jodaille_frelon_2017-06-22-105601.jpg,1280,720,bee,844,468,909,502
jodaille_frelon_2017-06-22-105601.jpg,1280,720,bee,636,462,662,482
jodaille_frelon_2017-06-22-105601.jpg,1280,720,bee,722,465,745,492
jodaille_frelon_2017-06-22-105601.jpg,1280,720,bee,799,459,841,482
jodaille_frelon_2017-06-22-105601.jpg,1280,720,bee,756,474,783,501
Abeilles_Frelons_asiatiques_devant_des_ruches_1280x720_059.jpeg,1280,720,hornet,352,301,377,345
Abeilles_Frelons_asiatiques_devant_des_ruches_1280x720_059.jpeg,1280,720,bee,474,338,496,376
Abeilles_Frelons_asiatiques_devant_des_ruches_1280x720_059.jpeg,1280,720,bee,733,352,745,375
jodaille_frelon_2018-04-23-132301.jpg,1280,720,hornet,822,461,875,518
Abeilles_Frelons_asiatiques_devant_des_ruches_1280x720_076.jpeg,1280,720,hornet,425,430,461,458
jodaille_frelon_2017-05-11-184801.jpg,1280,720,hornet,514,516,566,584
jodaille_frelon_2017-05-11-184801.jpg,1280,720,bee,809,534,836,564
jodaille_frelon_2017-05-11-184801.jpg,1280,720,bee,625,534,656,555
jodaille_frelon_2017-05-11-184801.jpg,1280,720,bee,694,542,738,570
jodaille_frelon_2017-05-11-184801.jpg,1280,720,bee,652,551,696,570
jodaille_frelon_2017-05-11-184801.jpg,1280,720,bee,767,554,808,574
Vespa_velutina.jpg,960,720,hornet,382,205,528,319
Vespa_velutina.jpg,960,720,hornet,581,297,654,422
Vespa_velutina.jpg,960,720,hornet,691,223,769,328
Vespa_velutina.jpg,960,720,hornet,691,107,779,203
Vespa_velutina.jpg,960,720,hornet,517,4,662,81
Vespa_velutina.jpg,960,720,hornet,216,101,360,226
Vespa_velutina.jpg,960,720,hornet,245,18,382,88
Vespa_velutina.jpg,960,720,hornet,592,422,696,481
Vespa_velutina.jpg,960,720,hornet,560,478,622,578
Vespa_velutina.jpg,960,720,hornet,511,401,606,496
Vespa_velutina.jpg,960,720,hornet,506,547,570,604
Vespa_velutina.jpg,960,720,hornet,491,470,557,530
Abeilles_Frelons_asiatiques_devant_des_ruches_1280x720_026.jpeg,1280,720,hornet,455,553,525,589
Abeilles_Frelons_asiatiques_devant_des_ruches_1280x720_024.jpeg,1280,720,hornet,879,312,915,340
Abeilles_Frelons_asiatiques_devant_des_ruches_1280x720_116.jpeg,1280,720,hornet,366,369,710,627
Abeilles_Frelons_asiatiques_devant_des_ruches_1280x720_045.jpeg,1280,720,hornet,523,166,633,252
Abeilles_contre_frelon_asiatique_640x360_021.jpeg,640,360,hornet,402,317,441,360
Abeilles_contre_frelon_asiatique_640x360_021.jpeg,640,360,bee,497,327,524,360
Abeilles_contre_frelon_asiatique_640x360_021.jpeg,640,360,bee,279,299,313,320
Abeilles_contre_frelon_asiatique_640x360_021.jpeg,640,360,bee,410,296,448,314
Abeilles_contre_frelon_asiatique_640x360_021.jpeg,640,360,bee,327,287,361,303
Abeilles_contre_frelon_asiatique_640x360_021.jpeg,640,360,bee,313,263,340,285
Abeilles_contre_frelon_asiatique_640x360_049.jpeg,640,360,bee,414,241,445,259
Abeilles_contre_frelon_asiatique_640x360_049.jpeg,640,360,bee,391,221,419,239
Abeilles_contre_frelon_asiatique_640x360_049.jpeg,640,360,bee,302,241,335,260
Abeilles_contre_frelon_asiatique_640x360_049.jpeg,640,360,bee,288,218,308,238
Abeilles_contre_frelon_asiatique_640x360_049.jpeg,640,360,bee,349,238,372,264
Abeilles_contre_frelon_asiatique_640x360_049.jpeg,640,360,bee,376,244,411,267
Abeilles_contre_frelon_asiatique_640x360_049.jpeg,640,360,bee,323,202,352,220
Cette_ruche_est_assiegee_par_des_frelons_asiatiques_1280x720_033.jpeg,1280,720,hornet,420,426,683,605
Cette_ruche_est_assiegee_par_des_frelons_asiatiques_1280x720_033.jpeg,1280,720,hornet,447,345,577,446
jodaille_frelon_2017-06-18-135701.jpg,1280,720,bee,936,335,972,363
jodaille_frelon_2017-06-18-135701.jpg,1280,720,hornet,1094,343,1142,394
jodaille_frelon_2017-06-18-135701.jpg,1280,720,bee,1025,462,1063,501
jodaille_frelon_2017-06-18-135701.jpg,1280,720,bee,950,457,987,487
jodaille_frelon_2017-06-18-135701.jpg,1280,720,bee,878,373,903,416
jodaille_frelon_2017-06-18-135701.jpg,1280,720,bee,783,405,821,438
jodaille_frelon_2017-06-18-135701.jpg,1280,720,bee,585,374,607,411
jodaille_frelon_2017-06-18-135701.jpg,1280,720,bee,483,434,510,475
jodaille_frelon_2017-06-18-135701.jpg,1280,720,bee,602,434,625,468
jodaille_frelon_2017-06-18-135701.jpg,1280,720,bee,717,479,759,519
jodaille_frelon_2017-06-18-135701.jpg,1280,720,bee,655,484,683,509
jodaille_frelon_2017-06-18-135701.jpg,1280,720,bee,861,428,933,468
jodaille_frelon_2017-06-18-135701.jpg,1280,720,bee,637,452,687,480
jodaille_frelon_2017-06-18-135701.jpg,1280,720,bee,781,484,812,510
Abeilles_contre_frelon_asiatique_640x360_046.jpeg,640,360,bee,395,257,426,281
Abeilles_contre_frelon_asiatique_640x360_046.jpeg,640,360,hornet,516,214,554,253
Abeilles_contre_frelon_asiatique_640x360_046.jpeg,640,360,bee,345,238,384,257
Abeilles_contre_frelon_asiatique_640x360_046.jpeg,640,360,bee,408,217,436,239
Abeilles_contre_frelon_asiatique_640x360_046.jpeg,640,360,bee,310,236,342,255
Abeilles_contre_frelon_asiatique_640x360_046.jpeg,640,360,bee,331,204,355,223
Abeilles_contre_frelon_asiatique_640x360_046.jpeg,640,360,bee,360,207,388,232
Abeilles_contre_frelon_asiatique_640x360_010.jpeg,640,360,hornet,351,120,401,152
Abeilles_contre_frelon_asiatique_640x360_010.jpeg,640,360,bee,386,194,423,210
Abeilles_contre_frelon_asiatique_640x360_010.jpeg,640,360,bee,259,212,277,238
Abeilles_contre_frelon_asiatique_640x360_010.jpeg,640,360,bee,310,171,330,201
Abeilles_contre_frelon_asiatique_640x360_010.jpeg,640,360,bee,287,218,308,238
Abeilles_contre_frelon_asiatique_640x360_010.jpeg,640,360,bee,321,210,343,231
Abeilles_Frelons_asiatiques_devant_des_ruches_1280x720_070.jpeg,1280,720,hornet,569,373,637,408
8-frelon-asiatique-ruche-j.-haxaire.jpg,444,345,hornet,134,149,282,268
8-frelon-asiatique-ruche-j.-haxaire.jpg,444,345,bee,61,25,131,97
8-frelon-asiatique-ruche-j.-haxaire.jpg,444,345,bee,307,78,352,169
8-frelon-asiatique-ruche-j.-haxaire.jpg,444,345,bee,223,15,275,92
8-frelon-asiatique-ruche-j.-haxaire.jpg,444,345,bee,350,123,385,211
8-frelon-asiatique-ruche-j.-haxaire.jpg,444,345,bee,389,176,429,218
8-frelon-asiatique-ruche-j.-haxaire.jpg,444,345,bee,139,3,214,43
Cette_ruche_est_assiegee_par_des_frelons_asiatiques_1280x720_020.jpeg,1280,720,hornet,571,371,730,491
Cette_ruche_est_assiegee_par_des_frelons_asiatiques_1280x720_020.jpeg,1280,720,hornet,181,568,432,710
Le_frelon_asiatique_Vespa_Velutina_devant_ma_ruche_1280x720_009.jpeg,1280,720,hornet,677,116,783,200
Le_frelon_asiatique_Vespa_Velutina_devant_ma_ruche_1280x720_009.jpeg,1280,720,bee,352,282,389,327
Le_frelon_asiatique_Vespa_Velutina_devant_ma_ruche_1280x720_009.jpeg,1280,720,bee,466,341,489,381
Le_frelon_asiatique_Vespa_Velutina_devant_ma_ruche_1280x720_009.jpeg,1280,720,bee,96,594,155,661
Le_frelon_asiatique_Vespa_Velutina_devant_ma_ruche_1280x720_009.jpeg,1280,720,bee,452,420,495,462
Le_frelon_asiatique_Vespa_Velutina_devant_ma_ruche_1280x720_009.jpeg,1280,720,bee,230,517,279,598
Le_frelon_asiatique_Vespa_Velutina_devant_ma_ruche_1280x720_009.jpeg,1280,720,bee,228,334,270,374
Le_frelon_asiatique_Vespa_Velutina_devant_ma_ruche_1280x720_009.jpeg,1280,720,bee,308,320,340,363
Le_frelon_asiatique_Vespa_Velutina_devant_ma_ruche_1280x720_009.jpeg,1280,720,bee,143,466,205,513
Le_frelon_asiatique_Vespa_Velutina_devant_ma_ruche_1280x720_009.jpeg,1280,720,bee,346,390,400,430
Le_frelon_asiatique_Vespa_Velutina_devant_ma_ruche_1280x720_009.jpeg,1280,720,bee,284,451,336,510
Cette_ruche_est_assiegee_par_des_frelons_asiatiques_1280x720_028.jpeg,1280,720,hornet,559,439,803,609
Cette_ruche_est_assiegee_par_des_frelons_asiatiques_1280x720_028.jpeg,1280,720,hornet,360,398,577,530
457883-57f8e-picture_client_format_2-vespa-velutina-a-loentree-doune-ruche.jpg,580,439,hornet,96,172,215,243
457883-57f8e-picture_client_format_2-vespa-velutina-a-loentree-doune-ruche.jpg,580,439,bee,476,264,536,283
457883-57f8e-picture_client_format_2-vespa-velutina-a-loentree-doune-ruche.jpg,580,439,bee,372,332,405,389
457883-57f8e-picture_client_format_2-vespa-velutina-a-loentree-doune-ruche.jpg,580,439,bee,430,260,473,280
457883-57f8e-picture_client_format_2-vespa-velutina-a-loentree-doune-ruche.jpg,580,439,bee,414,380,461,417
457883-57f8e-picture_client_format_2-vespa-velutina-a-loentree-doune-ruche.jpg,580,439,bee,385,256,424,276
457883-57f8e-picture_client_format_2-vespa-velutina-a-loentree-doune-ruche.jpg,580,439,bee,417,282,453,316
457883-57f8e-picture_client_format_2-vespa-velutina-a-loentree-doune-ruche.jpg,580,439,bee,387,278,419,309
Cette_ruche_est_assiegee_par_des_frelons_asiatiques_1280x720_026.jpeg,1280,720,hornet,562,493,738,653
Cette_ruche_est_assiegee_par_des_frelons_asiatiques_1280x720_026.jpeg,1280,720,hornet,390,400,567,562
Abeilles_Frelons_asiatiques_devant_des_ruches_1280x720_110.jpeg,1280,720,hornet,431,110,788,361
Abeilles_contre_frelon_asiatique_640x360_063.jpeg,640,360,bee,435,268,462,286
Abeilles_contre_frelon_asiatique_640x360_063.jpeg,640,360,bee,355,227,384,248
Abeilles_contre_frelon_asiatique_640x360_063.jpeg,640,360,bee,376,181,414,203
Abeilles_contre_frelon_asiatique_640x360_063.jpeg,640,360,bee,299,191,320,226
Abeilles_contre_frelon_asiatique_640x360_063.jpeg,640,360,bee,316,175,335,211
Abeilles_contre_frelon_asiatique_640x360_063.jpeg,640,360,bee,402,213,432,226
Abeilles_contre_frelon_asiatique_640x360_063.jpeg,640,360,bee,429,228,457,254
Abeilles_contre_frelon_asiatique_640x360_063.jpeg,640,360,bee,340,173,369,206
Vespa_velutina_up.jpg,852,720,hornet,145,156,810,489
Cette_ruche_est_assiegee_par_des_frelons_asiatiques_1280x720_013.jpeg,1280,720,hornet,600,363,715,483
Cette_ruche_est_assiegee_par_des_frelons_asiatiques_1280x720_013.jpeg,1280,720,hornet,515,393,716,593
Abeilles_Frelons_asiatiques_devant_des_ruches_1280x720_092.jpeg,1280,720,hornet,479,337,623,406
Abeilles_contre_frelon_asiatique_640x360_052.jpeg,640,360,bee,422,242,453,263
Abeilles_contre_frelon_asiatique_640x360_052.jpeg,640,360,bee,326,227,349,259
Abeilles_contre_frelon_asiatique_640x360_052.jpeg,640,360,bee,358,242,389,261
Abeilles_contre_frelon_asiatique_640x360_052.jpeg,640,360,bee,396,241,420,269
Abeilles_contre_frelon_asiatique_640x360_052.jpeg,640,360,bee,358,200,382,234
Abeilles_Frelons_asiatiques_devant_des_ruches_1280x720_125.jpeg,1280,720,hornet,340,191,672,446
Cette_ruche_est_assiegee_par_des_frelons_asiatiques_1280x720_023.jpeg,1280,720,hornet,462,425,639,574
Cette_ruche_est_assiegee_par_des_frelons_asiatiques_1280x720_023.jpeg,1280,720,hornet,352,322,514,445
Abeilles_Frelons_asiatiques_devant_des_ruches_1280x720_132.jpeg,1280,720,hornet,357,150,651,367
Abeilles_contre_frelon_asiatique_640x360_030.jpeg,640,360,bee,402,231,439,249
Abeilles_contre_frelon_asiatique_640x360_030.jpeg,640,360,bee,309,234,330,268
Abeilles_contre_frelon_asiatique_640x360_030.jpeg,640,360,bee,337,236,366,260
Abeilles_contre_frelon_asiatique_640x360_030.jpeg,640,360,bee,323,206,352,230
Abeilles_contre_frelon_asiatique_640x360_030.jpeg,640,360,bee,374,229,397,255
Abeilles_contre_frelon_asiatique_640x360_061.jpeg,640,360,bee,446,256,466,283
Abeilles_contre_frelon_asiatique_640x360_061.jpeg,640,360,bee,421,271,445,293
Abeilles_contre_frelon_asiatique_640x360_061.jpeg,640,360,bee,414,195,444,215
Abeilles_contre_frelon_asiatique_640x360_061.jpeg,640,360,bee,347,233,376,252
Abeilles_contre_frelon_asiatique_640x360_061.jpeg,640,360,bee,377,231,403,259
Abeilles_contre_frelon_asiatique_640x360_061.jpeg,640,360,bee,428,235,456,258
Abeilles_contre_frelon_asiatique_640x360_061.jpeg,640,360,bee,342,183,374,203
Abeilles_contre_frelon_asiatique_640x360_061.jpeg,640,360,bee,314,180,335,210
Abeilles_contre_frelon_asiatique_640x360_051.jpeg,640,360,bee,414,250,443,269
Abeilles_contre_frelon_asiatique_640x360_051.jpeg,640,360,bee,386,260,401,280
Abeilles_contre_frelon_asiatique_640x360_051.jpeg,640,360,bee,370,252,388,275
Abeilles_contre_frelon_asiatique_640x360_051.jpeg,640,360,bee,350,248,370,270
Abeilles_contre_frelon_asiatique_640x360_051.jpeg,640,360,bee,337,241,350,264
Abeilles_contre_frelon_asiatique_640x360_051.jpeg,640,360,bee,286,228,312,250
Abeilles_contre_frelon_asiatique_640x360_051.jpeg,640,360,bee,332,208,360,232
Abeilles_contre_frelon_asiatique_640x360_062.jpeg,640,360,bee,396,197,426,212
Abeilles_contre_frelon_asiatique_640x360_062.jpeg,640,360,bee,430,270,458,291
Abeilles_contre_frelon_asiatique_640x360_062.jpeg,640,360,bee,349,229,375,255
Abeilles_contre_frelon_asiatique_640x360_062.jpeg,640,360,bee,400,223,431,240
Abeilles_contre_frelon_asiatique_640x360_062.jpeg,640,360,bee,295,204,321,231
Abeilles_contre_frelon_asiatique_640x360_062.jpeg,640,360,bee,432,248,457,266
jodaille_frelon_2017-05-27-155001.jpg,1280,720,hornet,191,256,305,326
jodaille_frelon_2017-05-27-155001.jpg,1280,720,bee,498,469,530,504
jodaille_frelon_2017-05-27-155001.jpg,1280,720,bee,487,510,510,540
jodaille_frelon_2017-05-27-155001.jpg,1280,720,bee,571,541,595,570
jodaille_frelon_2017-05-27-155001.jpg,1280,720,bee,802,484,826,511
jodaille_frelon_2017-05-27-155001.jpg,1280,720,bee,633,516,665,542
jodaille_frelon_2017-05-27-155001.jpg,1280,720,bee,646,550,676,568
jodaille_frelon_2017-05-27-155001.jpg,1280,720,bee,842,501,871,525
jodaille_frelon_2017-05-27-155001.jpg,1280,720,bee,691,494,724,516
jodaille_frelon_2017-05-27-155001.jpg,1280,720,bee,741,523,779,546
jodaille_frelon_2017-05-27-155001.jpg,1280,720,bee,713,522,740,546
Abeilles_Frelons_asiatiques_devant_des_ruches_1280x720_020.jpeg,1280,720,hornet,533,397,574,427
Vespa_velutina_2.jpg,960,720,hornet,217,155,616,637
Cette_ruche_est_assiegee_par_des_frelons_asiatiques_1280x720_003.jpeg,1280,720,hornet,545,314,686,468
Cette_ruche_est_assiegee_par_des_frelons_asiatiques_1280x720_003.jpeg,1280,720,hornet,684,238,884,377
Cette_ruche_est_assiegee_par_des_frelons_asiatiques_1280x720_003.jpeg,1280,720,hornet,528,226,682,299
